zone_id,col_idx,row_idx,centroid_lon,centroid_lat,centroid_x_utm,centroid_y_utm,core_area_km2,n_nodes_buffered,n_edges_buffered,osm_completeness,cluster_id,cluster_label,confidence_score
Zone_DH009,0,9,90.250745,23.727536,219711.48,2626768.83,1.0,16,32,0.4,0,Cluster_0,0.5192
Zone_DH010,0,10,90.250555,23.736558,219711.48,2627768.83,1.0,27,54,0.675,0,Cluster_0,0.6819
Zone_DH011,0,11,90.250366,23.74558,219711.48,2628768.83,1.0,20,34,0.5,0,Cluster_0,0.7059
Zone_DH012,0,12,90.250176,23.754602,219711.48,2629768.83,1.0,21,40,0.525,0,Cluster_0,0.4379
Zone_DH013,0,13,90.249986,23.763625,219711.48,2630768.83,1.0,30,68,0.75,0,Cluster_0,0.7114
Zone_DH014,0,14,90.249797,23.772647,219711.48,2631768.83,1.0,35,74,0.875,0,Cluster_0,0.8464
Zone_DH015,0,15,90.249607,23.781669,219711.48,2632768.83,1.0,57,117,1.425,0,Cluster_0,0.7615
Zone_DH016,0,16,90.249417,23.790691,219711.48,2633768.83,1.0,79,155,1.975,1,Cluster_1,0.7886
Zone_DH017,0,17,90.249227,23.799713,219711.48,2634768.83,1.0,106,220,2.65,1,Cluster_1,0.7816
Zone_DH018,0,18,90.249037,23.808735,219711.48,2635768.83,1.0,113,240,2.825,1,Cluster_1,0.7491
Zone_DH019,0,19,90.248846,23.817757,219711.48,2636768.83,1.0,159,364,3.975,1,Cluster_1,0.7556
Zone_DH020,0,20,90.248656,23.826779,219711.48,2637768.83,1.0,217,504,5.425,1,Cluster_1,0.879
Zone_DH021,0,21,90.248466,23.835801,219711.48,2638768.83,1.0,222,520,5.55,1,Cluster_1,0.8518
Zone_DH022,0,22,90.248275,23.844823,219711.48,2639768.83,1.0,253,617,6.325,1,Cluster_1,0.8341
Zone_DH023,0,23,90.248084,23.853845,219711.48,2640768.83,1.0,239,590,5.975,1,Cluster_1,0.8886
Zone_DH024,0,24,90.247894,23.862867,219711.48,2641768.83,1.0,273,714,6.825,1,Cluster_1,0.8387
Zone_DH025,0,25,90.247703,23.871889,219711.48,2642768.83,1.0,193,482,4.825,1,Cluster_1,0.875
Zone_DH026,0,26,90.247512,23.880911,219711.48,2643768.83,1.0,133,324,3.325,1,Cluster_1,0.8046
Zone_DH027,0,27,90.247321,23.889933,219711.48,2644768.83,1.0,67,140,1.675,0,Cluster_0,0.8131
Zone_DH028,0,28,90.24713,23.898955,219711.48,2645768.83,1.0,122,296,3.05,1,Cluster_1,0.8415
Zone_DH029,0,29,90.246939,23.907977,219711.48,2646768.83,1.0,157,378,3.925,1,Cluster_1,0.7716
Zone_DH030,0,30,90.246747,23.916999,219711.48,2647768.83,1.0,172,416,4.3,1,Cluster_1,0.7617
Zone_DH031,0,31,90.246556,23.926021,219711.48,2648768.83,1.0,180,492,4.5,1,Cluster_1,0.7252
Zone_DH032,0,32,90.246364,23.935043,219711.48,2649768.83,1.0,118,322,2.95,1,Cluster_1,0.7743
Zone_DH033,0,33,90.246173,23.944064,219711.48,2650768.83,1.0,31,72,0.775,0,Cluster_0,0.7334
Zone_DH044,1,9,90.260545,23.72771,220711.48,2626768.83,1.0,42,84,1.05,0,Cluster_0,0.8908
Zone_DH045,1,10,90.260356,23.736732,220711.48,2627768.83,1.0,52,104,1.3,0,Cluster_0,0.8031
Zone_DH046,1,11,90.260167,23.745754,220711.48,2628768.83,1.0,39,74,0.975,0,Cluster_0,0.8375
Zone_DH047,1,12,90.259978,23.754777,220711.48,2629768.83,1.0,44,94,1.1,0,Cluster_0,0.7854
Zone_DH048,1,13,90.259789,23.763799,220711.48,2630768.83,1.0,43,98,1.075,0,Cluster_0,0.7986
Zone_DH049,1,14,90.2596,23.772821,220711.48,2631768.83,1.0,70,162,1.75,0,Cluster_0,0.7354
Zone_DH050,1,15,90.259411,23.781843,220711.48,2632768.83,1.0,98,219,2.45,1,Cluster_1,0.7921
Zone_DH051,1,16,90.259221,23.790865,220711.48,2633768.83,1.0,162,330,4.05,1,Cluster_1,0.7964
Zone_DH052,1,17,90.259032,23.799888,220711.48,2634768.83,1.0,185,377,4.625,1,Cluster_1,0.8216
Zone_DH053,1,18,90.258843,23.80891,220711.48,2635768.83,1.0,165,359,4.125,1,Cluster_1,0.7367
Zone_DH054,1,19,90.258653,23.817932,220711.48,2636768.83,1.0,288,696,7.2,1,Cluster_1,0.8565
Zone_DH055,1,20,90.258463,23.826954,220711.48,2637768.83,1.0,403,1009,10.075,1,Cluster_1,0.9015
Zone_DH056,1,21,90.258274,23.835976,220711.48,2638768.83,1.0,404,1000,10.1,1,Cluster_1,0.9023
Zone_DH057,1,22,90.258084,23.844998,220711.48,2639768.83,1.0,496,1272,12.4,1,Cluster_1,0.8621
Zone_DH058,1,23,90.257894,23.85402,220711.48,2640768.83,1.0,501,1269,12.525,1,Cluster_1,0.8801
Zone_DH059,1,24,90.257704,23.863042,220711.48,2641768.83,1.0,455,1190,11.375,1,Cluster_1,0.8372
Zone_DH060,1,25,90.257514,23.872064,220711.48,2642768.83,1.0,370,930,9.25,1,Cluster_1,0.9061
Zone_DH061,1,26,90.257323,23.881086,220711.48,2643768.83,1.0,335,840,8.375,1,Cluster_1,0.8391
Zone_DH062,1,27,90.257133,23.890108,220711.48,2644768.83,1.0,249,585,6.225,1,Cluster_1,0.8427
Zone_DH063,1,28,90.256943,23.89913,220711.48,2645768.83,1.0,245,583,6.125,1,Cluster_1,0.9082
Zone_DH064,1,29,90.256752,23.908152,220711.48,2646768.83,1.0,326,799,8.15,1,Cluster_1,0.8958
Zone_DH065,1,30,90.256561,23.917174,220711.48,2647768.83,1.0,399,1043,9.975,1,Cluster_1,0.8331
Zone_DH066,1,31,90.256371,23.926196,220711.48,2648768.83,1.0,469,1323,11.725,1,Cluster_1,0.8151
Zone_DH067,1,32,90.25618,23.935218,220711.48,2649768.83,1.0,329,904,8.225,1,Cluster_1,0.8479
Zone_DH068,1,33,90.255989,23.94424,220711.48,2650768.83,1.0,180,468,4.5,1,Cluster_1,0.8522
Zone_DH069,1,34,90.255798,23.953262,220711.48,2651768.83,1.0,33,78,0.825,0,Cluster_0,0.7098
Zone_DH072,2,2,90.271658,23.664727,221711.48,2619768.83,1.0,16,28,0.4,0,Cluster_0,0.5785
Zone_DH073,2,3,90.271471,23.673749,221711.48,2620768.83,1.0,15,24,0.375,0,Cluster_0,0.2964
Zone_DH074,2,4,90.271284,23.682772,221711.48,2621768.83,1.0,23,48,0.575,0,Cluster_0,0.5948
Zone_DH075,2,5,90.271096,23.691794,221711.48,2622768.83,1.0,20,44,0.5,0,Cluster_0,0.6367
Zone_DH076,2,6,90.270908,23.700816,221711.48,2623768.83,1.0,18,32,0.45,0,Cluster_0,0.5811
Zone_DH077,2,7,90.27072,23.709839,221711.48,2624768.83,1.0,17,18,0.425,0,Cluster_0,0.0
Zone_DH078,2,8,90.270533,23.718861,221711.48,2625768.83,1.0,25,38,0.625,0,Cluster_0,0.2588
Zone_DH079,2,9,90.270345,23.727883,221711.48,2626768.83,1.0,70,156,1.75,1,Cluster_1,0.7663
Zone_DH080,2,10,90.270157,23.736906,221711.48,2627768.83,1.0,93,216,2.325,1,Cluster_1,0.8005
Zone_DH081,2,11,90.269968,23.745928,221711.48,2628768.83,1.0,63,142,1.575,0,Cluster_0,0.7364
Zone_DH082,2,12,90.26978,23.75495,221711.48,2629768.83,1.0,50,104,1.25,0,Cluster_0,0.5339
Zone_DH083,2,13,90.269592,23.763973,221711.48,2630768.83,1.0,48,104,1.2,0,Cluster_0,0.8361
Zone_DH084,2,14,90.269403,23.772995,221711.48,2631768.83,1.0,59,136,1.475,0,Cluster_0,0.711
Zone_DH085,2,15,90.269215,23.782017,221711.48,2632768.83,1.0,86,181,2.15,1,Cluster_1,0.7993
Zone_DH086,2,16,90.269026,23.791039,221711.48,2633768.83,1.0,190,370,4.75,1,Cluster_1,0.8117
Zone_DH087,2,17,90.268837,23.800062,221711.48,2634768.83,1.0,196,368,4.9,1,Cluster_1,0.7038
Zone_DH088,2,18,90.268649,23.809084,221711.48,2635768.83,1.0,128,241,3.2,0,Cluster_0,0.5979
Zone_DH089,2,19,90.26846,23.818106,221711.48,2636768.83,1.0,244,583,6.1,1,Cluster_1,0.8664
Zone_DH090,2,20,90.268271,23.827128,221711.48,2637768.83,1.0,321,789,8.025,1,Cluster_1,0.9426
Zone_DH091,2,21,90.268082,23.83615,221711.48,2638768.83,1.0,415,1034,10.375,1,Cluster_1,0.88
Zone_DH092,2,22,90.267893,23.845172,221711.48,2639768.83,1.0,562,1452,14.05,1,Cluster_1,0.8442
Zone_DH093,2,23,90.267703,23.854195,221711.48,2640768.83,1.0,583,1528,14.575,1,Cluster_1,0.8459
Zone_DH094,2,24,90.267514,23.863217,221711.48,2641768.83,1.0,447,1134,11.175,1,Cluster_1,0.7379
Zone_DH095,2,25,90.267324,23.872239,221711.48,2642768.83,1.0,402,980,10.05,1,Cluster_1,0.8192
Zone_DH096,2,26,90.267135,23.881261,221711.48,2643768.83,1.0,380,898,9.5,1,Cluster_1,0.8954
Zone_DH097,2,27,90.266945,23.890283,221711.48,2644768.83,1.0,348,786,8.7,1,Cluster_1,0.9127
Zone_DH098,2,28,90.266755,23.899305,221711.48,2645768.83,1.0,321,760,8.025,1,Cluster_1,0.9144
Zone_DH099,2,29,90.266566,23.908327,221711.48,2646768.83,1.0,381,943,9.525,1,Cluster_1,0.9208
Zone_DH100,2,30,90.266376,23.917349,221711.48,2647768.83,1.0,511,1378,12.775,1,Cluster_1,0.8286
Zone_DH101,2,31,90.266186,23.926371,221711.48,2648768.83,1.0,761,2165,19.025,1,Cluster_1,0.7639
Zone_DH102,2,32,90.265995,23.935393,221711.48,2649768.83,1.0,730,2044,18.25,1,Cluster_1,0.7512
Zone_DH103,2,33,90.265805,23.944415,221711.48,2650768.83,1.0,477,1282,11.925,1,Cluster_1,0.6715
Zone_DH104,2,34,90.265615,23.953437,221711.48,2651768.83,1.0,121,289,3.025,0,Cluster_0,0.6461
Zone_DH106,3,1,90.281641,23.655877,222711.48,2618768.83,1.0,15,28,0.375,0,Cluster_0,0.5408
Zone_DH107,3,2,90.281454,23.664899,222711.48,2619768.83,1.0,27,50,0.675,0,Cluster_0,0.8114
Zone_DH108,3,3,90.281267,23.673922,222711.48,2620768.83,1.0,36,66,0.9,0,Cluster_0,0.7666
Zone_DH109,3,4,90.28108,23.682944,222711.48,2621768.83,1.0,57,124,1.425,0,Cluster_0,0.8439
Zone_DH110,3,5,90.280893,23.691967,222711.48,2622768.83,1.0,65,166,1.625,0,Cluster_0,0.7329
Zone_DH111,3,6,90.280706,23.700989,222711.48,2623768.83,1.0,50,116,1.25,0,Cluster_0,0.75
Zone_DH112,3,7,90.280519,23.710011,222711.48,2624768.83,1.0,27,52,0.675,0,Cluster_0,0.8119
Zone_DH113,3,8,90.280332,23.719034,222711.48,2625768.83,1.0,28,48,0.7,0,Cluster_0,0.727
Zone_DH114,3,9,90.280145,23.728056,222711.48,2626768.83,1.0,73,166,1.825,1,Cluster_1,0.7787
Zone_DH115,3,10,90.279957,23.737079,222711.48,2627768.83,1.0,99,242,2.475,1,Cluster_1,0.8056
Zone_DH116,3,11,90.27977,23.746101,222711.48,2628768.83,1.0,71,168,1.775,0,Cluster_0,0.8051
Zone_DH117,3,12,90.279582,23.755123,222711.48,2629768.83,1.0,61,138,1.525,0,Cluster_0,0.8307
Zone_DH118,3,13,90.279395,23.764146,222711.48,2630768.83,1.0,49,116,1.225,0,Cluster_0,0.7546
Zone_DH119,3,14,90.279207,23.773168,222711.48,2631768.83,1.0,39,82,0.975,0,Cluster_0,0.8948
Zone_DH120,3,15,90.279019,23.78219,222711.48,2632768.83,1.0,39,60,0.975,0,Cluster_0,0.7098
Zone_DH121,3,16,90.278831,23.791213,222711.48,2633768.83,1.0,166,341,4.15,1,Cluster_1,0.738
Zone_DH122,3,17,90.278643,23.800235,222711.48,2634768.83,1.0,208,444,5.2,1,Cluster_1,0.8159
Zone_DH123,3,18,90.278455,23.809257,222711.48,2635768.83,1.0,112,226,2.8,1,Cluster_1,0.6674
Zone_DH124,3,19,90.278267,23.818279,222711.48,2636768.83,1.0,114,252,2.85,1,Cluster_1,0.734
Zone_DH125,3,20,90.278078,23.827302,222711.48,2637768.83,1.0,161,404,4.025,1,Cluster_1,0.7859
Zone_DH126,3,21,90.27789,23.836324,222711.48,2638768.83,1.0,245,618,6.125,1,Cluster_1,0.8805
Zone_DH127,3,22,90.277701,23.845346,222711.48,2639768.83,1.0,523,1404,13.075,1,Cluster_1,0.8379
Zone_DH128,3,23,90.277513,23.854368,222711.48,2640768.83,1.0,550,1474,13.75,1,Cluster_1,0.8273
Zone_DH129,3,24,90.277324,23.863391,222711.48,2641768.83,1.0,346,887,8.65,1,Cluster_1,0.7908
Zone_DH130,3,25,90.277135,23.872413,222711.48,2642768.83,1.0,339,847,8.475,1,Cluster_1,0.8211
Zone_DH131,3,26,90.276946,23.881435,222711.48,2643768.83,1.0,326,754,8.15,1,Cluster_1,0.8875
Zone_DH132,3,27,90.276757,23.890457,222711.48,2644768.83,1.0,261,554,6.525,1,Cluster_1,0.8795
Zone_DH133,3,28,90.276568,23.899479,222711.48,2645768.83,1.0,244,560,6.1,1,Cluster_1,0.7971
Zone_DH134,3,29,90.276379,23.908502,222711.48,2646768.83,1.0,314,780,7.85,1,Cluster_1,0.8949
Zone_DH135,3,30,90.27619,23.917524,222711.48,2647768.83,1.0,456,1230,11.4,1,Cluster_1,0.8769
Zone_DH136,3,31,90.276001,23.926546,222711.48,2648768.83,1.0,761,2155,19.025,1,Cluster_1,0.8331
Zone_DH137,3,32,90.275811,23.935568,222711.48,2649768.83,1.0,828,2307,20.7,1,Cluster_1,0.8569
Zone_DH138,3,33,90.275622,23.94459,222711.48,2650768.83,1.0,625,1725,15.625,1,Cluster_1,0.8246
Zone_DH139,3,34,90.275432,23.953612,222711.48,2651768.83,1.0,189,476,4.725,1,Cluster_1,0.7533
Zone_DH142,4,2,90.291249,23.665071,223711.48,2619768.83,1.0,31,62,0.775,0,Cluster_0,0.8121
Zone_DH143,4,3,90.291063,23.674093,223711.48,2620768.83,1.0,51,114,1.275,0,Cluster_0,0.7891
Zone_DH144,4,4,90.290877,23.683116,223711.48,2621768.83,1.0,88,202,2.2,1,Cluster_1,0.7918
Zone_DH145,4,5,90.290691,23.692138,223711.48,2622768.83,1.0,103,250,2.575,1,Cluster_1,0.7983
Zone_DH146,4,6,90.290505,23.701161,223711.48,2623768.83,1.0,80,184,2.0,1,Cluster_1,0.804
Zone_DH147,4,7,90.290318,23.710183,223711.48,2624768.83,1.0,39,82,0.975,0,Cluster_0,0.7947
Zone_DH148,4,8,90.290132,23.719206,223711.48,2625768.83,1.0,40,86,1.0,0,Cluster_0,0.7498
Zone_DH149,4,9,90.289945,23.728228,223711.48,2626768.83,1.0,63,148,1.575,0,Cluster_0,0.7119
Zone_DH150,4,10,90.289758,23.737251,223711.48,2627768.83,1.0,83,192,2.075,1,Cluster_1,0.7933
Zone_DH151,4,11,90.289571,23.746273,223711.48,2628768.83,1.0,52,112,1.3,0,Cluster_0,0.783
Zone_DH152,4,12,90.289385,23.755296,223711.48,2629768.83,1.0,68,158,1.7,1,Cluster_1,0.7574
Zone_DH153,4,13,90.289198,23.764318,223711.48,2630768.83,1.0,80,180,2.0,1,Cluster_1,0.7767
Zone_DH154,4,14,90.28901,23.773341,223711.48,2631768.83,1.0,78,162,1.95,0,Cluster_0,0.7676
Zone_DH155,4,15,90.288823,23.782363,223711.48,2632768.83,1.0,58,119,1.45,0,Cluster_0,0.602
Zone_DH156,4,16,90.288636,23.791385,223711.48,2633768.83,1.0,194,429,4.85,1,Cluster_1,0.8299
Zone_DH157,4,17,90.288449,23.800408,223711.48,2634768.83,1.0,209,467,5.225,1,Cluster_1,0.8924
Zone_DH158,4,18,90.288261,23.80943,223711.48,2635768.83,1.0,148,340,3.7,1,Cluster_1,0.8459
Zone_DH159,4,19,90.288074,23.818452,223711.48,2636768.83,1.0,70,154,1.75,0,Cluster_0,0.7467
Zone_DH160,4,20,90.287886,23.827475,223711.48,2637768.83,1.0,83,202,2.075,0,Cluster_0,0.6606
Zone_DH161,4,21,90.287698,23.836497,223711.48,2638768.83,1.0,155,388,3.875,1,Cluster_1,0.8679
Zone_DH162,4,22,90.28751,23.845519,223711.48,2639768.83,1.0,440,1206,11.0,1,Cluster_1,0.7643
Zone_DH163,4,23,90.287322,23.854542,223711.48,2640768.83,1.0,552,1562,13.8,1,Cluster_1,0.7675
Zone_DH164,4,24,90.287134,23.863564,223711.48,2641768.83,1.0,473,1340,11.825,1,Cluster_1,0.7506
Zone_DH165,4,25,90.286946,23.872586,223711.48,2642768.83,1.0,382,1062,9.55,1,Cluster_1,0.814
Zone_DH166,4,26,90.286758,23.881608,223711.48,2643768.83,1.0,337,942,8.425,1,Cluster_1,0.8446
Zone_DH167,4,27,90.28657,23.890631,223711.48,2644768.83,1.0,242,624,6.05,1,Cluster_1,0.7928
Zone_DH168,4,28,90.286381,23.899653,223711.48,2645768.83,1.0,213,514,5.325,1,Cluster_1,0.8672
Zone_DH169,4,29,90.286193,23.908675,223711.48,2646768.83,1.0,265,690,6.625,1,Cluster_1,0.8939
Zone_DH170,4,30,90.286004,23.917697,223711.48,2647768.83,1.0,383,1072,9.575,1,Cluster_1,0.8207
Zone_DH171,4,31,90.285816,23.92672,223711.48,2648768.83,1.0,641,1864,16.025,1,Cluster_1,0.7972
Zone_DH172,4,32,90.285627,23.935742,223711.48,2649768.83,1.0,860,2495,21.5,1,Cluster_1,0.8004
Zone_DH173,4,33,90.285438,23.944764,223711.48,2650768.83,1.0,639,1837,15.975,1,Cluster_1,0.8062
Zone_DH174,4,34,90.285249,23.953786,223711.48,2651768.83,1.0,246,674,6.15,1,Cluster_1,0.739
Zone_DH176,5,1,90.30123,23.656219,224711.48,2618768.83,1.0,17,36,0.425,0,Cluster_0,0.5759
Zone_DH177,5,2,90.301045,23.665242,224711.48,2619768.83,1.0,44,100,1.1,0,Cluster_0,0.8467
Zone_DH178,5,3,90.30086,23.674265,224711.48,2620768.83,1.0,77,184,1.925,0,Cluster_0,0.732
Zone_DH179,5,4,90.300674,23.683287,224711.48,2621768.83,1.0,118,280,2.95,1,Cluster_1,0.8461
Zone_DH180,5,5,90.300488,23.69231,224711.48,2622768.83,1.0,129,310,3.225,1,Cluster_1,0.7894
Zone_DH181,5,6,90.300303,23.701332,224711.48,2623768.83,1.0,87,196,2.175,1,Cluster_1,0.7906
Zone_DH182,5,7,90.300117,23.710355,224711.48,2624768.83,1.0,33,60,0.825,0,Cluster_0,0.7607
Zone_DH183,5,8,90.299931,23.719377,224711.48,2625768.83,1.0,42,92,1.05,0,Cluster_0,0.6854
Zone_DH184,5,9,90.299745,23.7284,224711.48,2626768.83,1.0,54,122,1.35,0,Cluster_0,0.7713
Zone_DH185,5,10,90.299559,23.737422,224711.48,2627768.83,1.0,58,130,1.45,0,Cluster_0,0.7348
Zone_DH186,5,11,90.299373,23.746445,224711.48,2628768.83,1.0,40,86,1.0,0,Cluster_0,0.7165
Zone_DH187,5,12,90.299187,23.755467,224711.48,2629768.83,1.0,64,148,1.6,1,Cluster_1,0.7163
Zone_DH188,5,13,90.299001,23.76449,224711.48,2630768.83,1.0,101,244,2.525,1,Cluster_1,0.8101
Zone_DH189,5,14,90.298814,23.773512,224711.48,2631768.83,1.0,139,317,3.475,1,Cluster_1,0.7969
Zone_DH190,5,15,90.298628,23.782535,224711.48,2632768.83,1.0,153,368,3.825,1,Cluster_1,0.8351
Zone_DH191,5,16,90.298441,23.791557,224711.48,2633768.83,1.0,198,469,4.95,1,Cluster_1,0.7302
Zone_DH192,5,17,90.298254,23.80058,224711.48,2634768.83,1.0,173,388,4.325,1,Cluster_1,0.849
Zone_DH193,5,18,90.298068,23.809602,224711.48,2635768.83,1.0,118,276,2.95,1,Cluster_1,0.8217
Zone_DH194,5,19,90.297881,23.818625,224711.48,2636768.83,1.0,71,150,1.775,0,Cluster_0,0.7924
Zone_DH195,5,20,90.297694,23.827647,224711.48,2637768.83,1.0,71,156,1.775,0,Cluster_0,0.6996
Zone_DH196,5,21,90.297507,23.836669,224711.48,2638768.83,1.0,138,338,3.45,1,Cluster_1,0.8512
Zone_DH197,5,22,90.297319,23.845692,224711.48,2639768.83,1.0,306,824,7.65,1,Cluster_1,0.8272
Zone_DH198,5,23,90.297132,23.854714,224711.48,2640768.83,1.0,429,1200,10.725,1,Cluster_1,0.8179
Zone_DH199,5,24,90.296945,23.863737,224711.48,2641768.83,1.0,473,1318,11.825,1,Cluster_1,0.8323
Zone_DH200,5,25,90.296757,23.872759,224711.48,2642768.83,1.0,466,1306,11.65,1,Cluster_1,0.8433
Zone_DH201,5,26,90.29657,23.881781,224711.48,2643768.83,1.0,425,1202,10.625,1,Cluster_1,0.8149
Zone_DH202,5,27,90.296382,23.890804,224711.48,2644768.83,1.0,317,870,7.925,1,Cluster_1,0.8238
Zone_DH203,5,28,90.296195,23.899826,224711.48,2645768.83,1.0,274,716,6.85,1,Cluster_1,0.85
Zone_DH204,5,29,90.296007,23.908848,224711.48,2646768.83,1.0,293,786,7.325,1,Cluster_1,0.833
Zone_DH205,5,30,90.295819,23.91787,224711.48,2647768.83,1.0,355,962,8.875,1,Cluster_1,0.8658
Zone_DH206,5,31,90.295631,23.926893,224711.48,2648768.83,1.0,450,1248,11.25,1,Cluster_1,0.8423
Zone_DH207,5,32,90.295443,23.935915,224711.48,2649768.83,1.0,619,1740,15.475,1,Cluster_1,0.8129
Zone_DH208,5,33,90.295255,23.944937,224711.48,2650768.83,1.0,420,1166,10.5,1,Cluster_1,0.8109
Zone_DH209,5,34,90.295066,23.953959,224711.48,2651768.83,1.0,208,570,5.2,1,Cluster_1,0.7669
Zone_DH211,6,1,90.311025,23.65639,225711.48,2618768.83,1.0,24,46,0.6,0,Cluster_0,0.6656
Zone_DH212,6,2,90.310841,23.665412,225711.48,2619768.83,1.0,53,120,1.325,0,Cluster_0,0.8021
Zone_DH213,6,3,90.310656,23.674435,225711.48,2620768.83,1.0,86,202,2.15,1,Cluster_1,0.7686
Zone_DH214,6,4,90.310471,23.683458,225711.48,2621768.83,1.0,110,266,2.75,1,Cluster_1,0.7802
Zone_DH215,6,5,90.310286,23.69248,225711.48,2622768.83,1.0,101,240,2.525,1,Cluster_1,0.7866
Zone_DH216,6,6,90.310101,23.701503,225711.48,2623768.83,1.0,66,138,1.65,1,Cluster_1,0.7216
Zone_DH217,6,7,90.309916,23.710526,225711.48,2624768.83,1.0,39,72,0.975,0,Cluster_0,0.7077
Zone_DH218,6,8,90.309731,23.719548,225711.48,2625768.83,1.0,66,138,1.65,0,Cluster_0,0.785
Zone_DH219,6,9,90.309546,23.728571,225711.48,2626768.83,1.0,107,250,2.675,1,Cluster_1,0.7876
Zone_DH220,6,10,90.30936,23.737593,225711.48,2627768.83,1.0,91,192,2.275,1,Cluster_1,0.8209
Zone_DH221,6,11,90.309175,23.746616,225711.48,2628768.83,1.0,70,156,1.75,0,Cluster_0,0.7672
Zone_DH222,6,12,90.308989,23.755639,225711.48,2629768.83,1.0,89,208,2.225,1,Cluster_1,0.7983
Zone_DH223,6,13,90.308804,23.764661,225711.48,2630768.83,1.0,124,278,3.1,1,Cluster_1,0.8524
Zone_DH224,6,14,90.308618,23.773684,225711.48,2631768.83,1.0,162,371,4.05,1,Cluster_1,0.8253
Zone_DH225,6,15,90.308432,23.782706,225711.48,2632768.83,1.0,207,466,5.175,1,Cluster_1,0.8164
Zone_DH226,6,16,90.308246,23.791729,225711.48,2633768.83,1.0,166,370,4.15,1,Cluster_1,0.7883
Zone_DH227,6,17,90.30806,23.800751,225711.48,2634768.83,1.0,95,173,2.375,1,Cluster_1,0.6745
Zone_DH228,6,18,90.307874,23.809774,225711.48,2635768.83,1.0,63,134,1.575,0,Cluster_0,0.8212
Zone_DH229,6,19,90.307688,23.818796,225711.48,2636768.83,1.0,59,142,1.475,0,Cluster_0,0.7358
Zone_DH230,6,20,90.307501,23.827819,225711.48,2637768.83,1.0,79,180,1.975,1,Cluster_1,0.7494
Zone_DH231,6,21,90.307315,23.836841,225711.48,2638768.83,1.0,139,336,3.475,1,Cluster_1,0.8557
Zone_DH232,6,22,90.307129,23.845864,225711.48,2639768.83,1.0,174,432,4.35,1,Cluster_1,0.8329
Zone_DH233,6,23,90.306942,23.854886,225711.48,2640768.83,1.0,291,796,7.275,1,Cluster_1,0.8443
Zone_DH234,6,24,90.306755,23.863909,225711.48,2641768.83,1.0,478,1340,11.95,1,Cluster_1,0.8033
Zone_DH235,6,25,90.306569,23.872931,225711.48,2642768.83,1.0,442,1204,11.05,1,Cluster_1,0.8666
Zone_DH236,6,26,90.306382,23.881953,225711.48,2643768.83,1.0,434,1192,10.85,1,Cluster_1,0.8276
Zone_DH237,6,27,90.306195,23.890976,225711.48,2644768.83,1.0,321,834,8.025,1,Cluster_1,0.8852
Zone_DH238,6,28,90.306008,23.899998,225711.48,2645768.83,1.0,268,706,6.7,1,Cluster_1,0.8813
Zone_DH239,6,29,90.305821,23.909021,225711.48,2646768.83,1.0,255,672,6.375,1,Cluster_1,0.8656
Zone_DH240,6,30,90.305633,23.918043,225711.48,2647768.83,1.0,275,718,6.875,1,Cluster_1,0.8365
Zone_DH241,6,31,90.305446,23.927065,225711.48,2648768.83,1.0,347,918,8.675,1,Cluster_1,0.8459
Zone_DH242,6,32,90.305259,23.936088,225711.48,2649768.83,1.0,393,1050,9.825,1,Cluster_1,0.8404
Zone_DH243,6,33,90.305071,23.94511,225711.48,2650768.83,1.0,291,776,7.275,1,Cluster_1,0.8278
Zone_DH244,6,34,90.304884,23.954132,225711.48,2651768.83,1.0,120,320,3.0,1,Cluster_1,0.7511
Zone_DH246,7,1,90.32082,23.656559,226711.48,2618768.83,1.0,29,58,0.725,0,Cluster_0,0.4186
Zone_DH247,7,2,90.320636,23.665582,226711.48,2619768.83,1.0,64,150,1.6,0,Cluster_0,0.6727
Zone_DH248,7,3,90.320452,23.674605,226711.48,2620768.83,1.0,87,202,2.175,0,Cluster_0,0.6512
Zone_DH249,7,4,90.320268,23.683628,226711.48,2621768.83,1.0,94,210,2.35,1,Cluster_1,0.8084
Zone_DH250,7,5,90.320084,23.69265,226711.48,2622768.83,1.0,78,174,1.95,1,Cluster_1,0.7474
Zone_DH251,7,6,90.3199,23.701673,226711.48,2623768.83,1.0,45,96,1.125,0,Cluster_0,0.7272
Zone_DH252,7,7,90.319715,23.710696,226711.48,2624768.83,1.0,52,108,1.3,0,Cluster_0,0.7544
Zone_DH253,7,8,90.319531,23.719719,226711.48,2625768.83,1.0,173,398,4.325,1,Cluster_1,0.8416
Zone_DH254,7,9,90.319346,23.728741,226711.48,2626768.83,1.0,279,660,6.975,1,Cluster_1,0.8876
Zone_DH255,7,10,90.319161,23.737764,226711.48,2627768.83,1.0,330,796,8.25,1,Cluster_1,0.7015
Zone_DH256,7,11,90.318977,23.746787,226711.48,2628768.83,1.0,263,648,6.575,1,Cluster_1,0.916
Zone_DH257,7,12,90.318792,23.755809,226711.48,2629768.83,1.0,161,394,4.025,1,Cluster_1,0.8961
Zone_DH258,7,13,90.318607,23.764832,226711.48,2630768.83,1.0,90,202,2.25,1,Cluster_1,0.8267
Zone_DH259,7,14,90.318422,23.773854,226711.48,2631768.83,1.0,155,350,3.875,1,Cluster_1,0.6719
Zone_DH260,7,15,90.318237,23.782877,226711.48,2632768.83,1.0,200,414,5.0,1,Cluster_1,0.748
Zone_DH261,7,16,90.318051,23.7919,226711.48,2633768.83,1.0,110,207,2.75,1,Cluster_1,0.7518
Zone_DH262,7,17,90.317866,23.800922,226711.48,2634768.83,1.0,72,125,1.8,0,Cluster_0,0.6195
Zone_DH263,7,18,90.317681,23.809945,226711.48,2635768.83,1.0,48,114,1.2,0,Cluster_0,0.8336
Zone_DH264,7,19,90.317495,23.818967,226711.48,2636768.83,1.0,49,122,1.225,0,Cluster_0,0.7249
Zone_DH265,7,20,90.317309,23.82799,226711.48,2637768.83,1.0,80,194,2.0,1,Cluster_1,0.7039
Zone_DH266,7,21,90.317124,23.837012,226711.48,2638768.83,1.0,107,260,2.675,1,Cluster_1,0.7521
Zone_DH267,7,22,90.316938,23.846035,226711.48,2639768.83,1.0,122,280,3.05,1,Cluster_1,0.7831
Zone_DH268,7,23,90.316752,23.855057,226711.48,2640768.83,1.0,173,430,4.325,1,Cluster_1,0.8793
Zone_DH269,7,24,90.316566,23.86408,226711.48,2641768.83,1.0,409,1124,10.225,1,Cluster_1,0.806
Zone_DH270,7,25,90.31638,23.873102,226711.48,2642768.83,1.0,446,1232,11.15,1,Cluster_1,0.8434
Zone_DH271,7,26,90.316194,23.882125,226711.48,2643768.83,1.0,330,880,8.25,1,Cluster_1,0.8382
Zone_DH272,7,27,90.316008,23.891147,226711.48,2644768.83,1.0,262,658,6.55,1,Cluster_1,0.8402
Zone_DH273,7,28,90.315821,23.90017,226711.48,2645768.83,1.0,249,630,6.225,1,Cluster_1,0.8729
Zone_DH274,7,29,90.315635,23.909192,226711.48,2646768.83,1.0,211,526,5.275,1,Cluster_1,0.882
Zone_DH275,7,30,90.315448,23.918215,226711.48,2647768.83,1.0,195,488,4.875,1,Cluster_1,0.8435
Zone_DH276,7,31,90.315262,23.927237,226711.48,2648768.83,1.0,224,586,5.6,1,Cluster_1,0.8462
Zone_DH277,7,32,90.315075,23.93626,226711.48,2649768.83,1.0,213,542,5.325,1,Cluster_1,0.8156
Zone_DH278,7,33,90.314888,23.945282,226711.48,2650768.83,1.0,136,344,3.4,1,Cluster_1,0.7522
Zone_DH279,7,34,90.314701,23.954304,226711.48,2651768.83,1.0,51,112,1.275,0,Cluster_0,0.615
Zone_DH281,8,1,90.330616,23.656729,227711.48,2618768.83,1.0,35,82,0.875,0,Cluster_0,0.446
Zone_DH282,8,2,90.330432,23.665751,227711.48,2619768.83,1.0,65,162,1.625,0,Cluster_0,0.5945
Zone_DH283,8,3,90.330249,23.674774,227711.48,2620768.83,1.0,69,158,1.725,0,Cluster_0,0.6347
Zone_DH284,8,4,90.330065,23.683797,227711.48,2621768.83,1.0,63,132,1.575,1,Cluster_1,0.7132
Zone_DH285,8,5,90.329882,23.69282,227711.48,2622768.83,1.0,62,122,1.55,0,Cluster_0,0.7805
Zone_DH286,8,6,90.329698,23.701843,227711.48,2623768.83,1.0,56,130,1.4,0,Cluster_0,0.6897
Zone_DH287,8,7,90.329514,23.710865,227711.48,2624768.83,1.0,76,146,1.9,1,Cluster_1,0.7655
Zone_DH288,8,8,90.329331,23.719888,227711.48,2625768.83,1.0,267,622,6.675,1,Cluster_1,0.8677
Zone_DH289,8,9,90.329147,23.728911,227711.48,2626768.83,1.0,553,1348,13.825,1,Cluster_1,0.8363
Zone_DH290,8,10,90.328963,23.737934,227711.48,2627768.83,1.0,632,1580,15.8,1,Cluster_1,0.7985
Zone_DH291,8,11,90.328779,23.746956,227711.48,2628768.83,1.0,495,1266,12.375,1,Cluster_1,0.8208
Zone_DH292,8,12,90.328594,23.755979,227711.48,2629768.83,1.0,316,858,7.9,1,Cluster_1,0.6286
Zone_DH293,8,13,90.32841,23.765002,227711.48,2630768.83,1.0,150,372,3.75,1,Cluster_1,0.6532
Zone_DH294,8,14,90.328226,23.774024,227711.48,2631768.83,1.0,171,371,4.275,1,Cluster_1,0.8319
Zone_DH295,8,15,90.328041,23.783047,227711.48,2632768.83,1.0,251,540,6.275,1,Cluster_1,0.8898
Zone_DH296,8,16,90.327857,23.79207,227711.48,2633768.83,1.0,140,273,3.5,1,Cluster_1,0.6701
Zone_DH297,8,17,90.327672,23.801092,227711.48,2634768.83,1.0,30,40,0.75,0,Cluster_0,0.5776
Zone_DH300,8,20,90.327117,23.82816,227711.48,2637768.83,1.0,30,62,0.75,0,Cluster_0,0.7915
Zone_DH301,8,21,90.326932,23.837183,227711.48,2638768.83,1.0,64,146,1.6,0,Cluster_0,0.7827
Zone_DH302,8,22,90.326747,23.846206,227711.48,2639768.83,1.0,74,160,1.85,0,Cluster_0,0.7355
Zone_DH303,8,23,90.326562,23.855228,227711.48,2640768.83,1.0,108,230,2.7,1,Cluster_1,0.7874
Zone_DH304,8,24,90.326377,23.864251,227711.48,2641768.83,1.0,302,816,7.55,1,Cluster_1,0.7894
Zone_DH305,8,25,90.326191,23.873273,227711.48,2642768.83,1.0,354,964,8.85,1,Cluster_1,0.8234
Zone_DH306,8,26,90.326006,23.882296,227711.48,2643768.83,1.0,286,724,7.15,1,Cluster_1,0.8498
Zone_DH307,8,27,90.32582,23.891318,227711.48,2644768.83,1.0,260,656,6.5,1,Cluster_1,0.7947
Zone_DH308,8,28,90.325635,23.900341,227711.48,2645768.83,1.0,215,528,5.375,1,Cluster_1,0.8542
Zone_DH309,8,29,90.325449,23.909363,227711.48,2646768.83,1.0,137,328,3.425,1,Cluster_1,0.7923
Zone_DH310,8,30,90.325263,23.918386,227711.48,2647768.83,1.0,82,192,2.05,1,Cluster_1,0.7681
Zone_DH311,8,31,90.325077,23.927408,227711.48,2648768.83,1.0,82,202,2.05,1,Cluster_1,0.7454
Zone_DH312,8,32,90.324891,23.936431,227711.48,2649768.83,1.0,79,188,1.975,0,Cluster_0,0.6898
Zone_DH313,8,33,90.324705,23.945453,227711.48,2650768.83,1.0,59,136,1.475,0,Cluster_0,0.7029
Zone_DH314,8,34,90.324519,23.954476,227711.48,2651768.83,1.0,26,60,0.65,0,Cluster_0,0.6073
Zone_DH315,9,0,90.340593,23.647874,228711.48,2617768.83,1.0,31,51,0.775,0,Cluster_0,0.7431
Zone_DH316,9,1,90.340411,23.656897,228711.48,2618768.83,1.0,61,121,1.525,0,Cluster_0,0.8241
Zone_DH317,9,2,90.340228,23.66592,228711.48,2619768.83,1.0,60,136,1.5,0,Cluster_0,0.6736
Zone_DH318,9,3,90.340046,23.674943,228711.48,2620768.83,1.0,46,98,1.15,0,Cluster_0,0.7624
Zone_DH319,9,4,90.339863,23.683966,228711.48,2621768.83,1.0,62,130,1.55,0,Cluster_0,0.688
Zone_DH320,9,5,90.33968,23.692989,228711.48,2622768.83,1.0,96,212,2.4,1,Cluster_1,0.681
Zone_DH321,9,6,90.339497,23.702011,228711.48,2623768.83,1.0,115,268,2.875,1,Cluster_1,0.757
Zone_DH322,9,7,90.339314,23.711034,228711.48,2624768.83,1.0,121,264,3.025,1,Cluster_1,0.829
Zone_DH323,9,8,90.339131,23.720057,228711.48,2625768.83,1.0,328,816,8.2,1,Cluster_1,0.8568
Zone_DH324,9,9,90.338947,23.72908,228711.48,2626768.83,1.0,620,1576,15.5,1,Cluster_1,0.8506
Zone_DH325,9,10,90.338764,23.738103,228711.48,2627768.83,1.0,692,1776,17.3,1,Cluster_1,0.8463
Zone_DH326,9,11,90.338581,23.747126,228711.48,2628768.83,1.0,751,2016,18.775,1,Cluster_1,0.8216
Zone_DH327,9,12,90.338397,23.756148,228711.48,2629768.83,1.0,649,1802,16.225,1,Cluster_1,0.8355
Zone_DH328,9,13,90.338213,23.765171,228711.48,2630768.83,1.0,505,1316,12.625,1,Cluster_1,0.6639
Zone_DH329,9,14,90.33803,23.774194,228711.48,2631768.83,1.0,468,1072,11.7,1,Cluster_1,0.8031
Zone_DH330,9,15,90.337846,23.783217,228711.48,2632768.83,1.0,657,1500,16.425,1,Cluster_1,0.7867
Zone_DH331,9,16,90.337662,23.792239,228711.48,2633768.83,1.0,721,1647,18.025,1,Cluster_1,0.8575
Zone_DH332,9,17,90.337478,23.801262,228711.48,2634768.83,1.0,417,976,10.425,1,Cluster_1,0.881
Zone_DH333,9,18,90.337294,23.810285,228711.48,2635768.83,1.0,233,560,5.825,1,Cluster_1,0.8847
Zone_DH334,9,19,90.33711,23.819308,228711.48,2636768.83,1.0,163,430,4.075,1,Cluster_1,0.8321
Zone_DH335,9,20,90.336925,23.82833,228711.48,2637768.83,1.0,153,414,3.825,1,Cluster_1,0.8292
Zone_DH336,9,21,90.336741,23.837353,228711.48,2638768.83,1.0,69,152,1.725,0,Cluster_0,0.7843
Zone_DH337,9,22,90.336557,23.846376,228711.48,2639768.83,1.0,37,71,0.925,0,Cluster_0,0.6957
Zone_DH338,9,23,90.336372,23.855398,228711.48,2640768.83,1.0,60,125,1.5,0,Cluster_0,0.7932
Zone_DH339,9,24,90.336188,23.864421,228711.48,2641768.83,1.0,169,438,4.225,1,Cluster_1,0.7787
Zone_DH340,9,25,90.336003,23.873444,228711.48,2642768.83,1.0,238,634,5.95,1,Cluster_1,0.8018
Zone_DH341,9,26,90.335818,23.882466,228711.48,2643768.83,1.0,210,504,5.25,1,Cluster_1,0.8591
Zone_DH342,9,27,90.335633,23.891489,228711.48,2644768.83,1.0,182,442,4.55,1,Cluster_1,0.8084
Zone_DH343,9,28,90.335448,23.900511,228711.48,2645768.83,1.0,150,362,3.75,1,Cluster_1,0.8275
Zone_DH344,9,29,90.335263,23.909534,228711.48,2646768.83,1.0,71,148,1.775,0,Cluster_0,0.7772
Zone_DH345,9,30,90.335078,23.918557,228711.48,2647768.83,1.0,28,58,0.7,0,Cluster_0,0.4035
Zone_DH346,9,31,90.334893,23.927579,228711.48,2648768.83,1.0,27,52,0.675,0,Cluster_0,0.6766
Zone_DH347,9,32,90.334707,23.936602,228711.48,2649768.83,1.0,15,30,0.375,0,Cluster_0,0.0743
Zone_DH350,10,0,90.350388,23.648042,229711.48,2617768.83,1.0,51,101,1.275,0,Cluster_0,0.8644
Zone_DH351,10,1,90.350206,23.657065,229711.48,2618768.83,1.0,87,186,2.175,1,Cluster_1,0.8085
Zone_DH352,10,2,90.350024,23.666088,229711.48,2619768.83,1.0,65,144,1.625,0,Cluster_0,0.8236
Zone_DH353,10,3,90.349842,23.675111,229711.48,2620768.83,1.0,35,66,0.875,0,Cluster_0,0.7408
Zone_DH354,10,4,90.34966,23.684134,229711.48,2621768.83,1.0,34,66,0.85,0,Cluster_0,0.7287
Zone_DH355,10,5,90.349478,23.693157,229711.48,2622768.83,1.0,78,170,1.95,0,Cluster_0,0.6956
Zone_DH356,10,6,90.349296,23.70218,229711.48,2623768.83,1.0,132,306,3.3,1,Cluster_1,0.796
Zone_DH357,10,7,90.349113,23.711203,229711.48,2624768.83,1.0,170,392,4.25,1,Cluster_1,0.8483
Zone_DH358,10,8,90.348931,23.720225,229711.48,2625768.83,1.0,300,742,7.5,1,Cluster_1,0.8213
Zone_DH359,10,9,90.348748,23.729248,229711.48,2626768.83,1.0,566,1416,14.15,1,Cluster_1,0.7392
Zone_DH360,10,10,90.348565,23.738271,229711.48,2627768.83,1.0,794,1998,19.85,1,Cluster_1,0.7652
Zone_DH361,10,11,90.348383,23.747294,229711.48,2628768.83,1.0,958,2462,23.95,1,Cluster_1,0.7951
Zone_DH362,10,12,90.3482,23.756317,229711.48,2629768.83,1.0,1223,3263,30.575,1,Cluster_1,0.8287
Zone_DH363,10,13,90.348017,23.76534,229711.48,2630768.83,1.0,1203,3128,30.075,1,Cluster_1,0.8269
Zone_DH364,10,14,90.347834,23.774363,229711.48,2631768.83,1.0,1084,2541,27.1,1,Cluster_1,0.7005
Zone_DH365,10,15,90.347651,23.783386,229711.48,2632768.83,1.0,1341,3040,33.525,1,Cluster_1,0.7879
Zone_DH366,10,16,90.347467,23.792408,229711.48,2633768.83,1.0,1485,3491,37.125,1,Cluster_1,0.8476
Zone_DH367,10,17,90.347284,23.801431,229711.48,2634768.83,1.0,1246,2984,31.15,1,Cluster_1,0.8463
Zone_DH368,10,18,90.347101,23.810454,229711.48,2635768.83,1.0,953,2429,23.825,1,Cluster_1,0.8598
Zone_DH369,10,19,90.346917,23.819477,229711.48,2636768.83,1.0,727,1917,18.175,1,Cluster_1,0.8396
Zone_DH370,10,20,90.346734,23.828499,229711.48,2637768.83,1.0,611,1674,15.275,1,Cluster_1,0.8801
Zone_DH371,10,21,90.34655,23.837522,229711.48,2638768.83,1.0,312,847,7.8,1,Cluster_1,0.8592
Zone_DH372,10,22,90.346366,23.846545,229711.48,2639768.83,1.0,201,448,5.025,1,Cluster_1,0.5829
Zone_DH373,10,23,90.346182,23.855568,229711.48,2640768.83,1.0,238,537,5.95,1,Cluster_1,0.8405
Zone_DH374,10,24,90.345998,23.86459,229711.48,2641768.83,1.0,294,692,7.35,1,Cluster_1,0.8059
Zone_DH375,10,25,90.345814,23.873613,229711.48,2642768.83,1.0,243,590,6.075,1,Cluster_1,0.6726
Zone_DH376,10,26,90.34563,23.882636,229711.48,2643768.83,1.0,151,354,3.775,0,Cluster_0,0.6352
Zone_DH377,10,27,90.345446,23.891659,229711.48,2644768.83,1.0,51,86,1.275,0,Cluster_0,0.4552
Zone_DH378,10,28,90.345262,23.900681,229711.48,2645768.83,1.0,34,52,0.85,0,Cluster_0,0.3898
Zone_DH379,10,29,90.345077,23.909704,229711.48,2646768.83,1.0,85,200,2.125,1,Cluster_1,0.7817
Zone_DH380,10,30,90.344893,23.918726,229711.48,2647768.83,1.0,84,178,2.1,1,Cluster_1,0.777
Zone_DH381,10,31,90.344708,23.927749,229711.48,2648768.83,1.0,46,74,1.15,0,Cluster_0,0.5805
Zone_DH382,10,32,90.344524,23.936772,229711.48,2649768.83,1.0,26,44,0.65,0,Cluster_0,0.637
Zone_DH383,10,33,90.344339,23.945794,229711.48,2650768.83,1.0,22,40,0.55,0,Cluster_0,0.6943
Zone_DH385,11,0,90.360183,23.648209,230711.48,2617768.83,1.0,75,169,1.875,0,Cluster_0,0.7454
Zone_DH386,11,1,90.360002,23.657232,230711.48,2618768.83,1.0,122,288,3.05,1,Cluster_1,0.8233
Zone_DH387,11,2,90.35982,23.666255,230711.48,2619768.83,1.0,107,256,2.675,1,Cluster_1,0.7088
Zone_DH388,11,3,90.359639,23.675278,230711.48,2620768.83,1.0,54,110,1.35,0,Cluster_0,0.7303
Zone_DH389,11,4,90.359458,23.684301,230711.48,2621768.83,1.0,63,109,1.575,0,Cluster_0,0.7356
Zone_DH390,11,5,90.359276,23.693324,230711.48,2622768.83,1.0,187,398,4.675,1,Cluster_1,0.8618
Zone_DH391,11,6,90.359094,23.702347,230711.48,2623768.83,1.0,317,749,7.925,1,Cluster_1,0.7284
Zone_DH392,11,7,90.358913,23.71137,230711.48,2624768.83,1.0,502,1332,12.55,1,Cluster_1,0.7978
Zone_DH393,11,8,90.358731,23.720393,230711.48,2625768.83,1.0,625,1624,15.625,1,Cluster_1,0.8805
Zone_DH394,11,9,90.358549,23.729416,230711.48,2626768.83,1.0,833,2066,20.825,1,Cluster_1,0.8595
Zone_DH395,11,10,90.358367,23.738439,230711.48,2627768.83,1.0,1251,3068,31.275,1,Cluster_1,0.8368
Zone_DH396,11,11,90.358185,23.747462,230711.48,2628768.83,1.0,1466,3616,36.65,1,Cluster_1,0.8125
Zone_DH397,11,12,90.358003,23.756485,230711.48,2629768.83,1.0,1630,4190,40.75,1,Cluster_1,0.8267
Zone_DH398,11,13,90.35782,23.765508,230711.48,2630768.83,1.0,1695,4333,42.375,1,Cluster_1,0.7021
Zone_DH399,11,14,90.357638,23.774531,230711.48,2631768.83,1.0,1613,3910,40.325,1,Cluster_1,0.8101
Zone_DH400,11,15,90.357456,23.783554,230711.48,2632768.83,1.0,1987,4488,49.675,1,Cluster_1,0.8059
Zone_DH401,11,16,90.357273,23.792577,230711.48,2633768.83,1.0,2187,5055,54.675,1,Cluster_1,0.8099
Zone_DH402,11,17,90.35709,23.8016,230711.48,2634768.83,1.0,2020,4839,50.5,1,Cluster_1,0.7762
Zone_DH403,11,18,90.356908,23.810622,230711.48,2635768.83,1.0,1695,4295,42.375,1,Cluster_1,0.8187
Zone_DH404,11,19,90.356725,23.819645,230711.48,2636768.83,1.0,1385,3663,34.625,1,Cluster_1,0.8469
Zone_DH405,11,20,90.356542,23.828668,230711.48,2637768.83,1.0,1055,2815,26.375,1,Cluster_1,0.8424
Zone_DH406,11,21,90.356359,23.837691,230711.48,2638768.83,1.0,579,1487,14.475,1,Cluster_1,0.8566
Zone_DH407,11,22,90.356176,23.846714,230711.48,2639768.83,1.0,363,805,9.075,1,Cluster_1,0.8301
Zone_DH408,11,23,90.355993,23.855737,230711.48,2640768.83,1.0,410,941,10.25,1,Cluster_1,0.814
Zone_DH409,11,24,90.355809,23.864759,230711.48,2641768.83,1.0,572,1363,14.3,1,Cluster_1,0.8092
Zone_DH410,11,25,90.355626,23.873782,230711.48,2642768.83,1.0,448,1094,11.2,1,Cluster_1,0.8101
Zone_DH411,11,26,90.355443,23.882805,230711.48,2643768.83,1.0,277,644,6.925,1,Cluster_1,0.7882
Zone_DH412,11,27,90.355259,23.891828,230711.48,2644768.83,1.0,128,283,3.2,1,Cluster_1,0.773
Zone_DH413,11,28,90.355075,23.90085,230711.48,2645768.83,1.0,96,209,2.4,0,Cluster_0,0.6282
Zone_DH414,11,29,90.354892,23.909873,230711.48,2646768.83,1.0,152,344,3.8,1,Cluster_1,0.8881
Zone_DH415,11,30,90.354708,23.918896,230711.48,2647768.83,1.0,153,356,3.825,1,Cluster_1,0.8768
Zone_DH416,11,31,90.354524,23.927919,230711.48,2648768.83,1.0,89,180,2.225,1,Cluster_1,0.5716
Zone_DH417,11,32,90.35434,23.936941,230711.48,2649768.83,1.0,61,116,1.525,0,Cluster_0,0.7362
Zone_DH418,11,33,90.354156,23.945964,230711.48,2650768.83,1.0,43,80,1.075,0,Cluster_0,0.883
Zone_DH419,11,34,90.353972,23.954987,230711.48,2651768.83,1.0,27,52,0.675,0,Cluster_0,0.7745
Zone_DH420,12,0,90.369978,23.648376,231711.48,2617768.83,1.0,47,112,1.175,0,Cluster_0,0.7604
Zone_DH421,12,1,90.369797,23.657399,231711.48,2618768.83,1.0,129,333,3.225,1,Cluster_1,0.7872
Zone_DH422,12,2,90.369617,23.666422,231711.48,2619768.83,1.0,136,341,3.4,1,Cluster_1,0.7589
Zone_DH423,12,3,90.369436,23.675445,231711.48,2620768.83,1.0,97,228,2.425,0,Cluster_0,0.7017
Zone_DH424,12,4,90.369255,23.684468,231711.48,2621768.83,1.0,135,259,3.375,0,Cluster_0,0.6458
Zone_DH425,12,5,90.369074,23.693491,231711.48,2622768.83,1.0,317,709,7.925,1,Cluster_1,0.8953
Zone_DH426,12,6,90.368893,23.702514,231711.48,2623768.83,1.0,642,1671,16.05,1,Cluster_1,0.6513
Zone_DH427,12,7,90.368712,23.711537,231711.48,2624768.83,1.0,1070,2967,26.75,1,Cluster_1,0.811
Zone_DH428,12,8,90.368531,23.72056,231711.48,2625768.83,1.0,1195,3247,29.875,1,Cluster_1,0.8223
Zone_DH429,12,9,90.36835,23.729583,231711.48,2626768.83,1.0,1283,3222,32.075,1,Cluster_1,0.818
Zone_DH430,12,10,90.368169,23.738606,231711.48,2627768.83,1.0,1392,3361,34.8,1,Cluster_1,0.7622
Zone_DH431,12,11,90.367987,23.747629,231711.48,2628768.83,1.0,1471,3583,36.775,1,Cluster_1,0.7688
Zone_DH432,12,12,90.367806,23.756652,231711.48,2629768.83,1.0,1425,3624,35.625,1,Cluster_1,0.8621
Zone_DH433,12,13,90.367624,23.765675,231711.48,2630768.83,1.0,1401,3560,35.025,1,Cluster_1,0.7831
Zone_DH434,12,14,90.367442,23.774698,231711.48,2631768.83,1.0,1545,3700,38.625,1,Cluster_1,0.8188
Zone_DH435,12,15,90.367261,23.783721,231711.48,2632768.83,1.0,1909,4308,47.725,1,Cluster_1,0.7905
Zone_DH436,12,16,90.367079,23.792744,231711.48,2633768.83,1.0,2095,4842,52.375,1,Cluster_1,0.8044
Zone_DH437,12,17,90.366897,23.801767,231711.48,2634768.83,1.0,2144,5220,53.6,1,Cluster_1,0.6985
Zone_DH438,12,18,90.366715,23.81079,231711.48,2635768.83,1.0,2041,5224,51.025,1,Cluster_1,0.7832
Zone_DH439,12,19,90.366533,23.819813,231711.48,2636768.83,1.0,1819,4953,45.475,1,Cluster_1,0.7829
Zone_DH440,12,20,90.36635,23.828836,231711.48,2637768.83,1.0,1307,3474,32.675,1,Cluster_1,0.8257
Zone_DH441,12,21,90.366168,23.837859,231711.48,2638768.83,1.0,786,1985,19.65,1,Cluster_1,0.8783
Zone_DH442,12,22,90.365986,23.846882,231711.48,2639768.83,1.0,591,1425,14.775,1,Cluster_1,0.8799
Zone_DH443,12,23,90.365803,23.855905,231711.48,2640768.83,1.0,604,1451,15.1,1,Cluster_1,0.7826
Zone_DH444,12,24,90.36562,23.864928,231711.48,2641768.83,1.0,736,1836,18.4,1,Cluster_1,0.8068
Zone_DH445,12,25,90.365438,23.87395,231711.48,2642768.83,1.0,647,1581,16.175,1,Cluster_1,0.8788
Zone_DH446,12,26,90.365255,23.882973,231711.48,2643768.83,1.0,522,1262,13.05,1,Cluster_1,0.8894
Zone_DH447,12,27,90.365072,23.891996,231711.48,2644768.83,1.0,334,807,8.35,1,Cluster_1,0.8504
Zone_DH448,12,28,90.364889,23.901019,231711.48,2645768.83,1.0,233,535,5.825,1,Cluster_1,0.6012
Zone_DH449,12,29,90.364706,23.910042,231711.48,2646768.83,1.0,245,546,6.125,1,Cluster_1,0.8341
Zone_DH450,12,30,90.364523,23.919065,231711.48,2647768.83,1.0,258,578,6.45,1,Cluster_1,0.9038
Zone_DH451,12,31,90.36434,23.928087,231711.48,2648768.83,1.0,200,434,5.0,1,Cluster_1,0.8835
Zone_DH452,12,32,90.364156,23.93711,231711.48,2649768.83,1.0,165,366,4.125,1,Cluster_1,0.8351
Zone_DH453,12,33,90.363973,23.946133,231711.48,2650768.83,1.0,99,206,2.475,1,Cluster_1,0.7655
Zone_DH454,12,34,90.36379,23.955156,231711.48,2651768.83,1.0,36,68,0.9,0,Cluster_0,0.792
Zone_DH455,13,0,90.379773,23.648542,232711.48,2617768.83,1.0,37,78,0.925,0,Cluster_0,0.8169
Zone_DH456,13,1,90.379593,23.657565,232711.48,2618768.83,1.0,165,386,4.125,1,Cluster_1,0.6981
Zone_DH457,13,2,90.379413,23.666588,232711.48,2619768.83,1.0,174,410,4.35,1,Cluster_1,0.8391
Zone_DH458,13,3,90.379233,23.675611,232711.48,2620768.83,1.0,167,366,4.175,1,Cluster_1,0.8662
Zone_DH459,13,4,90.379053,23.684634,232711.48,2621768.83,1.0,287,676,7.175,1,Cluster_1,0.8615
Zone_DH460,13,5,90.378873,23.693657,232711.48,2622768.83,1.0,621,1532,15.525,1,Cluster_1,0.8791
Zone_DH461,13,6,90.378692,23.702681,232711.48,2623768.83,1.0,973,2633,24.325,1,Cluster_1,0.6497
Zone_DH462,13,7,90.378512,23.711704,232711.48,2624768.83,1.0,1378,3888,34.45,1,Cluster_1,0.7897
Zone_DH463,13,8,90.378331,23.720727,232711.48,2625768.83,1.0,1474,3978,36.85,1,Cluster_1,0.8149
Zone_DH464,13,9,90.378151,23.72975,232711.48,2626768.83,1.0,1258,3033,31.45,1,Cluster_1,0.7989
Zone_DH465,13,10,90.37797,23.738773,232711.48,2627768.83,1.0,1191,2761,29.775,1,Cluster_1,0.7555
Zone_DH466,13,11,90.37779,23.747796,232711.48,2628768.83,1.0,1169,2766,29.225,1,Cluster_1,0.7613
Zone_DH467,13,12,90.377609,23.756819,232711.48,2629768.83,1.0,975,2329,24.375,1,Cluster_1,0.8069
Zone_DH468,13,13,90.377428,23.765842,232711.48,2630768.83,1.0,873,2025,21.825,1,Cluster_1,0.8845
Zone_DH469,13,14,90.377247,23.774865,232711.48,2631768.83,1.0,865,1936,21.625,1,Cluster_1,0.8561
Zone_DH470,13,15,90.377066,23.783888,232711.48,2632768.83,1.0,1241,2788,31.025,1,Cluster_1,0.8015
Zone_DH471,13,16,90.376884,23.792911,232711.48,2633768.83,1.0,1563,3584,39.075,1,Cluster_1,0.7179
Zone_DH472,13,17,90.376703,23.801934,232711.48,2634768.83,1.0,1623,3948,40.575,1,Cluster_1,0.793
Zone_DH473,13,18,90.376522,23.810957,232711.48,2635768.83,1.0,1682,4418,42.05,1,Cluster_1,0.7635
Zone_DH474,13,19,90.37634,23.81998,232711.48,2636768.83,1.0,1498,4090,37.45,1,Cluster_1,0.7062
Zone_DH475,13,20,90.376159,23.829003,232711.48,2637768.83,1.0,1258,3397,31.45,1,Cluster_1,0.7713
Zone_DH476,13,21,90.375977,23.838026,232711.48,2638768.83,1.0,843,2096,21.075,1,Cluster_1,0.8907
Zone_DH477,13,22,90.375795,23.847049,232711.48,2639768.83,1.0,647,1584,16.175,1,Cluster_1,0.8821
Zone_DH478,13,23,90.375614,23.856072,232711.48,2640768.83,1.0,599,1432,14.975,1,Cluster_1,0.8753
Zone_DH479,13,24,90.375432,23.865095,232711.48,2641768.83,1.0,739,1799,18.475,1,Cluster_1,0.8734
Zone_DH480,13,25,90.37525,23.874118,232711.48,2642768.83,1.0,728,1769,18.2,1,Cluster_1,0.8944
Zone_DH481,13,26,90.375068,23.883141,232711.48,2643768.83,1.0,750,1882,18.75,1,Cluster_1,0.8788
Zone_DH482,13,27,90.374885,23.892164,232711.48,2644768.83,1.0,527,1392,13.175,1,Cluster_1,0.8927
Zone_DH483,13,28,90.374703,23.901187,232711.48,2645768.83,1.0,372,920,9.3,1,Cluster_1,0.9014
Zone_DH484,13,29,90.374521,23.91021,232711.48,2646768.83,1.0,305,674,7.625,1,Cluster_1,0.859
Zone_DH485,13,30,90.374338,23.919233,232711.48,2647768.83,1.0,320,704,8.0,1,Cluster_1,0.8796
Zone_DH486,13,31,90.374156,23.928255,232711.48,2648768.83,1.0,333,756,8.325,1,Cluster_1,0.8809
Zone_DH487,13,32,90.373973,23.937278,232711.48,2649768.83,1.0,321,733,8.025,1,Cluster_1,0.8812
Zone_DH488,13,33,90.37379,23.946301,232711.48,2650768.83,1.0,221,492,5.525,1,Cluster_1,0.7358
Zone_DH489,13,34,90.373608,23.955324,232711.48,2651768.83,1.0,75,147,1.875,0,Cluster_0,0.684
Zone_DH490,14,0,90.389568,23.648707,233711.48,2617768.83,1.0,42,86,1.05,0,Cluster_0,0.8001
Zone_DH491,14,1,90.389389,23.65773,233711.48,2618768.83,1.0,160,348,4.0,1,Cluster_1,0.6102
Zone_DH492,14,2,90.389209,23.666753,233711.48,2619768.83,1.0,235,584,5.875,1,Cluster_1,0.8447
Zone_DH493,14,3,90.38903,23.675777,233711.48,2620768.83,1.0,333,868,8.325,1,Cluster_1,0.9017
Zone_DH494,14,4,90.388851,23.6848,233711.48,2621768.83,1.0,554,1467,13.85,1,Cluster_1,0.8669
Zone_DH495,14,5,90.388671,23.693823,233711.48,2622768.83,1.0,841,2161,21.025,1,Cluster_1,0.8268
Zone_DH496,14,6,90.388491,23.702846,233711.48,2623768.83,1.0,1087,2928,27.175,1,Cluster_1,0.7618
Zone_DH497,14,7,90.388312,23.71187,233711.48,2624768.83,1.0,1370,3658,34.25,1,Cluster_1,0.7951
Zone_DH498,14,8,90.388132,23.720893,233711.48,2625768.83,1.0,1568,3912,39.2,1,Cluster_1,0.7506
Zone_DH499,14,9,90.387952,23.729916,233711.48,2626768.83,1.0,1378,3236,34.45,1,Cluster_1,0.845
Zone_DH500,14,10,90.387772,23.738939,233711.48,2627768.83,1.0,1267,2854,31.675,1,Cluster_1,0.7242
Zone_DH501,14,11,90.387592,23.747962,233711.48,2628768.83,1.0,1035,2296,25.875,1,Cluster_1,0.6712
Zone_DH502,14,12,90.387412,23.756985,233711.48,2629768.83,1.0,857,1909,21.425,1,Cluster_1,0.7029
Zone_DH503,14,13,90.387232,23.766009,233711.48,2630768.83,1.0,711,1586,17.775,1,Cluster_1,0.7554
Zone_DH504,14,14,90.387051,23.775032,233711.48,2631768.83,1.0,758,1679,18.95,1,Cluster_1,0.7773
Zone_DH505,14,15,90.386871,23.784055,233711.48,2632768.83,1.0,849,1929,21.225,1,Cluster_1,0.8094
Zone_DH506,14,16,90.38669,23.793078,233711.48,2633768.83,1.0,947,2218,23.675,1,Cluster_1,0.868
Zone_DH507,14,17,90.38651,23.802101,233711.48,2634768.83,1.0,1102,2691,27.55,1,Cluster_1,0.8622
Zone_DH508,14,18,90.386329,23.811124,233711.48,2635768.83,1.0,1110,2843,27.75,1,Cluster_1,0.8077
Zone_DH509,14,19,90.386148,23.820147,233711.48,2636768.83,1.0,1129,2831,28.225,1,Cluster_1,0.8643
Zone_DH510,14,20,90.385967,23.82917,233711.48,2637768.83,1.0,969,2419,24.225,1,Cluster_1,0.8517
Zone_DH511,14,21,90.385786,23.838193,233711.48,2638768.83,1.0,599,1369,14.975,1,Cluster_1,0.8932
Zone_DH512,14,22,90.385605,23.847216,233711.48,2639768.83,1.0,369,823,9.225,1,Cluster_1,0.7955
Zone_DH513,14,23,90.385424,23.856239,233711.48,2640768.83,1.0,439,1086,10.975,1,Cluster_1,0.8745
Zone_DH514,14,24,90.385243,23.865262,233711.48,2641768.83,1.0,736,1905,18.4,1,Cluster_1,0.8468
Zone_DH515,14,25,90.385062,23.874285,233711.48,2642768.83,1.0,826,2141,20.65,1,Cluster_1,0.8478
Zone_DH516,14,26,90.38488,23.883308,233711.48,2643768.83,1.0,758,1952,18.95,1,Cluster_1,0.8813
Zone_DH517,14,27,90.384699,23.892331,233711.48,2644768.83,1.0,514,1361,12.85,1,Cluster_1,0.8867
Zone_DH518,14,28,90.384517,23.901354,233711.48,2645768.83,1.0,420,1045,10.5,1,Cluster_1,0.9165
Zone_DH519,14,29,90.384335,23.910377,233711.48,2646768.83,1.0,341,769,8.525,1,Cluster_1,0.9284
Zone_DH520,14,30,90.384154,23.9194,233711.48,2647768.83,1.0,400,870,10.0,1,Cluster_1,0.88
Zone_DH521,14,31,90.383972,23.928423,233711.48,2648768.83,1.0,391,854,9.775,1,Cluster_1,0.7569
Zone_DH522,14,32,90.38379,23.937446,233711.48,2649768.83,1.0,488,1176,12.2,1,Cluster_1,0.7092
Zone_DH523,14,33,90.383608,23.946469,233711.48,2650768.83,1.0,367,919,9.175,1,Cluster_1,0.7741
Zone_DH524,14,34,90.383426,23.955492,233711.48,2651768.83,1.0,166,411,4.15,1,Cluster_1,0.826
Zone_DH525,15,0,90.399363,23.648872,234711.48,2617768.83,1.0,80,202,2.0,1,Cluster_1,0.7471
Zone_DH526,15,1,90.399185,23.657895,234711.48,2618768.83,1.0,139,332,3.475,1,Cluster_1,0.8256
Zone_DH527,15,2,90.399006,23.666918,234711.48,2619768.83,1.0,271,678,6.775,1,Cluster_1,0.8964
Zone_DH528,15,3,90.398827,23.675942,234711.48,2620768.83,1.0,404,1083,10.1,1,Cluster_1,0.8855
Zone_DH529,15,4,90.398648,23.684965,234711.48,2621768.83,1.0,755,2016,18.875,1,Cluster_1,0.8521
Zone_DH530,15,5,90.39847,23.693988,234711.48,2622768.83,1.0,1085,2790,27.125,1,Cluster_1,0.8482
Zone_DH531,15,6,90.398291,23.703012,234711.48,2623768.83,1.0,1237,3167,30.925,1,Cluster_1,0.8311
Zone_DH532,15,7,90.398112,23.712035,234711.48,2624768.83,1.0,1798,4371,44.95,1,Cluster_1,0.7813
Zone_DH533,15,8,90.397932,23.721058,234711.48,2625768.83,1.0,1903,4402,47.575,1,Cluster_1,0.8112
Zone_DH534,15,9,90.397753,23.730081,234711.48,2626768.83,1.0,1655,3708,41.375,1,Cluster_1,0.7088
Zone_DH535,15,10,90.397574,23.739105,234711.48,2627768.83,1.0,1374,3001,34.35,1,Cluster_1,0.6974
Zone_DH536,15,11,90.397395,23.748128,234711.48,2628768.83,1.0,1239,2603,30.975,1,Cluster_1,0.7323
Zone_DH537,15,12,90.397215,23.757151,234711.48,2629768.83,1.0,1146,2412,28.65,1,Cluster_1,0.7408
Zone_DH538,15,13,90.397035,23.766174,234711.48,2630768.83,1.0,893,1937,22.325,1,Cluster_1,0.6735
Zone_DH539,15,14,90.396856,23.775197,234711.48,2631768.83,1.0,910,2110,22.75,1,Cluster_1,0.7633
Zone_DH540,15,15,90.396676,23.784221,234711.48,2632768.83,1.0,1032,2475,25.8,1,Cluster_1,0.8322
Zone_DH541,15,16,90.396496,23.793244,234711.48,2633768.83,1.0,952,2318,23.8,1,Cluster_1,0.7755
Zone_DH542,15,17,90.396316,23.802267,234711.48,2634768.83,1.0,844,1981,21.1,1,Cluster_1,0.8256
Zone_DH543,15,18,90.396136,23.81129,234711.48,2635768.83,1.0,681,1510,17.025,1,Cluster_1,0.5533
Zone_DH544,15,19,90.395956,23.820313,234711.48,2636768.83,1.0,738,1657,18.45,1,Cluster_1,0.8135
Zone_DH545,15,20,90.395776,23.829336,234711.48,2637768.83,1.0,570,1280,14.25,1,Cluster_1,0.879
Zone_DH546,15,21,90.395596,23.838359,234711.48,2638768.83,1.0,336,727,8.4,1,Cluster_1,0.8441
Zone_DH547,15,22,90.395415,23.847383,234711.48,2639768.83,1.0,242,505,6.05,1,Cluster_1,0.5836
Zone_DH548,15,23,90.395235,23.856406,234711.48,2640768.83,1.0,570,1478,14.25,1,Cluster_1,0.8902
Zone_DH549,15,24,90.395054,23.865429,234711.48,2641768.83,1.0,943,2518,23.575,1,Cluster_1,0.804
Zone_DH550,15,25,90.394874,23.874452,234711.48,2642768.83,1.0,1017,2658,25.425,1,Cluster_1,0.8064
Zone_DH551,15,26,90.394693,23.883475,234711.48,2643768.83,1.0,817,2024,20.425,1,Cluster_1,0.8549
Zone_DH552,15,27,90.394512,23.892498,234711.48,2644768.83,1.0,471,1150,11.775,1,Cluster_1,0.8887
Zone_DH553,15,28,90.394331,23.901521,234711.48,2645768.83,1.0,393,905,9.825,1,Cluster_1,0.907
Zone_DH554,15,29,90.39415,23.910544,234711.48,2646768.83,1.0,518,1273,12.95,1,Cluster_1,0.8218
Zone_DH555,15,30,90.393969,23.919567,234711.48,2647768.83,1.0,531,1288,13.275,1,Cluster_1,0.7529
Zone_DH556,15,31,90.393788,23.92859,234711.48,2648768.83,1.0,485,1137,12.125,1,Cluster_1,0.6502
Zone_DH557,15,32,90.393607,23.937613,234711.48,2649768.83,1.0,493,1243,12.325,1,Cluster_1,0.8565
Zone_DH558,15,33,90.393425,23.946636,234711.48,2650768.83,1.0,396,1044,9.9,1,Cluster_1,0.8687
Zone_DH559,15,34,90.393244,23.955659,234711.48,2651768.83,1.0,165,412,4.125,1,Cluster_1,0.8245
Zone_DH560,16,0,90.409158,23.649036,235711.48,2617768.83,1.0,87,224,2.175,1,Cluster_1,0.7732
Zone_DH561,16,1,90.40898,23.658059,235711.48,2618768.83,1.0,175,424,4.375,1,Cluster_1,0.8655
Zone_DH562,16,2,90.408803,23.667083,235711.48,2619768.83,1.0,278,646,6.95,1,Cluster_1,0.8969
Zone_DH563,16,3,90.408625,23.676106,235711.48,2620768.83,1.0,405,992,10.125,1,Cluster_1,0.8567
Zone_DH564,16,4,90.408446,23.685129,235711.48,2621768.83,1.0,692,1780,17.3,1,Cluster_1,0.8713
Zone_DH565,16,5,90.408268,23.694153,235711.48,2622768.83,1.0,917,2350,22.925,1,Cluster_1,0.8621
Zone_DH566,16,6,90.40809,23.703176,235711.48,2623768.83,1.0,1282,3244,32.05,1,Cluster_1,0.7039
Zone_DH567,16,7,90.407912,23.712199,235711.48,2624768.83,1.0,1812,4359,45.3,1,Cluster_1,0.6494
Zone_DH568,16,8,90.407733,23.721223,235711.48,2625768.83,1.0,1900,4387,47.5,1,Cluster_1,0.8386
Zone_DH569,16,9,90.407555,23.730246,235711.48,2626768.83,1.0,1632,3679,40.8,1,Cluster_1,0.7848
Zone_DH570,16,10,90.407376,23.739269,235711.48,2627768.83,1.0,1489,3234,37.225,1,Cluster_1,0.7373
Zone_DH571,16,11,90.407197,23.748293,235711.48,2628768.83,1.0,1696,3620,42.4,1,Cluster_1,0.7188
Zone_DH572,16,12,90.407018,23.757316,235711.48,2629768.83,1.0,1567,3349,39.175,1,Cluster_1,0.5741
Zone_DH573,16,13,90.406839,23.766339,235711.48,2630768.83,1.0,1348,2994,33.7,1,Cluster_1,0.7495
Zone_DH574,16,14,90.40666,23.775362,235711.48,2631768.83,1.0,1285,3105,32.125,1,Cluster_1,0.8196
Zone_DH575,16,15,90.406481,23.784386,235711.48,2632768.83,1.0,1267,3235,31.675,1,Cluster_1,0.8718
Zone_DH576,16,16,90.406302,23.793409,235711.48,2633768.83,1.0,1089,2724,27.225,1,Cluster_1,0.8602
Zone_DH577,16,17,90.406123,23.802432,235711.48,2634768.83,1.0,805,1908,20.125,1,Cluster_1,0.7808
Zone_DH578,16,18,90.405944,23.811455,235711.48,2635768.83,1.0,633,1425,15.825,1,Cluster_1,0.8082
Zone_DH579,16,19,90.405764,23.820479,235711.48,2636768.83,1.0,587,1283,14.675,1,Cluster_1,0.8059
Zone_DH580,16,20,90.405585,23.829502,235711.48,2637768.83,1.0,379,838,9.475,1,Cluster_1,0.6951
Zone_DH581,16,21,90.405405,23.838525,235711.48,2638768.83,1.0,310,636,7.75,1,Cluster_1,0.5706
Zone_DH582,16,22,90.405225,23.847548,235711.48,2639768.83,1.0,345,746,8.625,1,Cluster_1,0.8215
Zone_DH583,16,23,90.405046,23.856571,235711.48,2640768.83,1.0,660,1625,16.5,1,Cluster_1,0.9027
Zone_DH584,16,24,90.404866,23.865594,235711.48,2641768.83,1.0,906,2351,22.65,1,Cluster_1,0.8587
Zone_DH585,16,25,90.404686,23.874618,235711.48,2642768.83,1.0,997,2546,24.925,1,Cluster_1,0.8333
Zone_DH586,16,26,90.404506,23.883641,235711.48,2643768.83,1.0,812,2003,20.3,1,Cluster_1,0.8737
Zone_DH587,16,27,90.404325,23.892664,235711.48,2644768.83,1.0,493,1201,12.325,1,Cluster_1,0.8818
Zone_DH588,16,28,90.404145,23.901687,235711.48,2645768.83,1.0,352,790,8.8,1,Cluster_1,0.9335
Zone_DH589,16,29,90.403965,23.91071,235711.48,2646768.83,1.0,455,1119,11.375,1,Cluster_1,0.9131
Zone_DH590,16,30,90.403785,23.919733,235711.48,2647768.83,1.0,433,1062,10.825,1,Cluster_1,0.9245
Zone_DH591,16,31,90.403604,23.928756,235711.48,2648768.83,1.0,381,919,9.525,1,Cluster_1,0.6606
Zone_DH592,16,32,90.403423,23.937779,235711.48,2649768.83,1.0,305,750,7.625,1,Cluster_1,0.8836
Zone_DH593,16,33,90.403243,23.946802,235711.48,2650768.83,1.0,217,568,5.425,1,Cluster_1,0.7957
Zone_DH594,16,34,90.403062,23.955825,235711.48,2651768.83,1.0,58,136,1.45,0,Cluster_0,0.7291
Zone_DH595,17,0,90.418954,23.649199,236711.48,2617768.83,1.0,82,200,2.05,1,Cluster_1,0.7872
Zone_DH596,17,1,90.418776,23.658223,236711.48,2618768.83,1.0,223,508,5.575,1,Cluster_1,0.8741
Zone_DH597,17,2,90.418599,23.667246,236711.48,2619768.83,1.0,377,920,9.425,1,Cluster_1,0.8884
Zone_DH598,17,3,90.418422,23.67627,236711.48,2620768.83,1.0,492,1239,12.3,1,Cluster_1,0.8633
Zone_DH599,17,4,90.418244,23.685293,236711.48,2621768.83,1.0,612,1561,15.3,1,Cluster_1,0.8857
Zone_DH600,17,5,90.418067,23.694317,236711.48,2622768.83,1.0,1053,2668,26.325,1,Cluster_1,0.6886
Zone_DH601,17,6,90.417889,23.70334,236711.48,2623768.83,1.0,1356,3372,33.9,1,Cluster_1,0.7016
Zone_DH602,17,7,90.417712,23.712363,236711.48,2624768.83,1.0,1388,3359,34.7,1,Cluster_1,0.6644
Zone_DH603,17,8,90.417534,23.721387,236711.48,2625768.83,1.0,1338,2996,33.45,1,Cluster_1,0.7803
Zone_DH604,17,9,90.417356,23.73041,236711.48,2626768.83,1.0,1330,2957,33.25,1,Cluster_1,0.7182
Zone_DH605,17,10,90.417178,23.739434,236711.48,2627768.83,1.0,1573,3613,39.325,1,Cluster_1,0.7876
Zone_DH606,17,11,90.417,23.748457,236711.48,2628768.83,1.0,1895,4308,47.375,1,Cluster_1,0.692
Zone_DH607,17,12,90.416822,23.75748,236711.48,2629768.83,1.0,1819,4054,45.475,1,Cluster_1,0.5406
Zone_DH608,17,13,90.416644,23.766504,236711.48,2630768.83,1.0,1506,3383,37.65,1,Cluster_1,0.7583
Zone_DH609,17,14,90.416465,23.775527,236711.48,2631768.83,1.0,1484,3623,37.1,1,Cluster_1,0.8383
Zone_DH610,17,15,90.416287,23.78455,236711.48,2632768.83,1.0,1371,3527,34.275,1,Cluster_1,0.8585
Zone_DH611,17,16,90.416108,23.793574,236711.48,2633768.83,1.0,1226,3125,30.65,1,Cluster_1,0.8533
Zone_DH612,17,17,90.41593,23.802597,236711.48,2634768.83,1.0,872,2107,21.8,1,Cluster_1,0.7993
Zone_DH613,17,18,90.415751,23.81162,236711.48,2635768.83,1.0,741,1725,18.525,1,Cluster_1,0.8166
Zone_DH614,17,19,90.415572,23.820643,236711.48,2636768.83,1.0,669,1535,16.725,1,Cluster_1,0.6403
Zone_DH615,17,20,90.415393,23.829667,236711.48,2637768.83,1.0,499,1185,12.475,1,Cluster_1,0.6428
Zone_DH616,17,21,90.415215,23.83869,236711.48,2638768.83,1.0,421,1008,10.525,1,Cluster_1,0.8285
Zone_DH617,17,22,90.415035,23.847713,236711.48,2639768.83,1.0,491,1091,12.275,1,Cluster_1,0.8707
Zone_DH618,17,23,90.414856,23.856736,236711.48,2640768.83,1.0,717,1666,17.925,1,Cluster_1,0.8604
Zone_DH619,17,24,90.414677,23.86576,236711.48,2641768.83,1.0,777,1848,19.425,1,Cluster_1,0.8962
Zone_DH620,17,25,90.414498,23.874783,236711.48,2642768.83,1.0,793,1845,19.825,1,Cluster_1,0.8446
Zone_DH621,17,26,90.414319,23.883806,236711.48,2643768.83,1.0,692,1689,17.3,1,Cluster_1,0.6465
Zone_DH622,17,27,90.414139,23.892829,236711.48,2644768.83,1.0,507,1236,12.675,1,Cluster_1,0.9109
Zone_DH623,17,28,90.413959,23.901852,236711.48,2645768.83,1.0,332,731,8.3,1,Cluster_1,0.8671
Zone_DH624,17,29,90.41378,23.910876,236711.48,2646768.83,1.0,229,482,5.725,1,Cluster_1,0.7526
Zone_DH625,17,30,90.4136,23.919899,236711.48,2647768.83,1.0,228,546,5.7,1,Cluster_1,0.7946
Zone_DH626,17,31,90.41342,23.928922,236711.48,2648768.83,1.0,157,368,3.925,1,Cluster_1,0.7855
Zone_DH627,17,32,90.41324,23.937945,236711.48,2649768.83,1.0,122,278,3.05,1,Cluster_1,0.8498
Zone_DH628,17,33,90.41306,23.946968,236711.48,2650768.83,1.0,64,144,1.6,1,Cluster_1,0.7565
Zone_DH630,18,0,90.428749,23.649362,237711.48,2617768.83,1.0,78,174,1.95,0,Cluster_0,0.7801
Zone_DH631,18,1,90.428573,23.658386,237711.48,2618768.83,1.0,246,578,6.15,1,Cluster_1,0.6701
Zone_DH632,18,2,90.428396,23.667409,237711.48,2619768.83,1.0,419,1082,10.475,1,Cluster_1,0.8393
Zone_DH633,18,3,90.428219,23.676433,237711.48,2620768.83,1.0,543,1408,13.575,1,Cluster_1,0.8635
Zone_DH634,18,4,90.428043,23.685456,237711.48,2621768.83,1.0,777,1977,19.425,1,Cluster_1,0.8517
Zone_DH635,18,5,90.427866,23.69448,237711.48,2622768.83,1.0,1100,2711,27.5,1,Cluster_1,0.8699
Zone_DH636,18,6,90.427689,23.703503,237711.48,2623768.83,1.0,1308,3124,32.7,1,Cluster_1,0.803
Zone_DH637,18,7,90.427512,23.712527,237711.48,2624768.83,1.0,1311,3079,32.775,1,Cluster_1,0.8745
Zone_DH638,18,8,90.427335,23.72155,237711.48,2625768.83,1.0,1080,2453,27.0,1,Cluster_1,0.7947
Zone_DH639,18,9,90.427157,23.730574,237711.48,2626768.83,1.0,1143,2643,28.575,1,Cluster_1,0.8377
Zone_DH640,18,10,90.42698,23.739597,237711.48,2627768.83,1.0,1324,3162,33.1,1,Cluster_1,0.7645
Zone_DH641,18,11,90.426803,23.748621,237711.48,2628768.83,1.0,1366,3265,34.15,1,Cluster_1,0.6173
Zone_DH642,18,12,90.426625,23.757644,237711.48,2629768.83,1.0,1427,3350,35.675,1,Cluster_1,0.8129
Zone_DH643,18,13,90.426448,23.766667,237711.48,2630768.83,1.0,1213,2836,30.325,1,Cluster_1,0.7944
Zone_DH644,18,14,90.42627,23.775691,237711.48,2631768.83,1.0,1125,2703,28.125,1,Cluster_1,0.8255
Zone_DH645,18,15,90.426092,23.784714,237711.48,2632768.83,1.0,1196,3093,29.9,1,Cluster_1,0.8433
Zone_DH646,18,16,90.425915,23.793738,237711.48,2633768.83,1.0,1181,3013,29.525,1,Cluster_1,0.8699
Zone_DH647,18,17,90.425737,23.802761,237711.48,2634768.83,1.0,1145,2776,28.625,1,Cluster_1,0.8581
Zone_DH648,18,18,90.425559,23.811784,237711.48,2635768.83,1.0,1043,2554,26.075,1,Cluster_1,0.8359
Zone_DH649,18,19,90.425381,23.820808,237711.48,2636768.83,1.0,992,2393,24.8,1,Cluster_1,0.8461
Zone_DH650,18,20,90.425202,23.829831,237711.48,2637768.83,1.0,788,1905,19.7,1,Cluster_1,0.882
Zone_DH651,18,21,90.425024,23.838854,237711.48,2638768.83,1.0,538,1297,13.45,1,Cluster_1,0.7753
Zone_DH652,18,22,90.424846,23.847878,237711.48,2639768.83,1.0,438,1011,10.95,1,Cluster_1,0.8455
Zone_DH653,18,23,90.424667,23.856901,237711.48,2640768.83,1.0,521,1195,13.025,1,Cluster_1,0.8607
Zone_DH654,18,24,90.424489,23.865924,237711.48,2641768.83,1.0,620,1420,15.5,1,Cluster_1,0.8762
Zone_DH655,18,25,90.42431,23.874947,237711.48,2642768.83,1.0,591,1347,14.775,1,Cluster_1,0.8585
Zone_DH656,18,26,90.424131,23.883971,237711.48,2643768.83,1.0,488,1102,12.2,1,Cluster_1,0.809
Zone_DH657,18,27,90.423953,23.892994,237711.48,2644768.83,1.0,312,698,7.8,1,Cluster_1,0.7565
Zone_DH658,18,28,90.423774,23.902017,237711.48,2645768.83,1.0,238,520,5.95,1,Cluster_1,0.7959
Zone_DH659,18,29,90.423595,23.91104,237711.48,2646768.83,1.0,97,184,2.425,1,Cluster_1,0.7271
Zone_DH660,18,30,90.423416,23.920064,237711.48,2647768.83,1.0,69,150,1.725,1,Cluster_1,0.7558
Zone_DH661,18,31,90.423237,23.929087,237711.48,2648768.83,1.0,96,218,2.4,1,Cluster_1,0.8045
Zone_DH662,18,32,90.423057,23.93811,237711.48,2649768.83,1.0,109,237,2.725,1,Cluster_1,0.8101
Zone_DH663,18,33,90.422878,23.947133,237711.48,2650768.83,1.0,71,141,1.775,1,Cluster_1,0.7741
Zone_DH664,18,34,90.422699,23.956156,237711.48,2651768.83,1.0,15,25,0.375,0,Cluster_0,0.5201
Zone_DH665,19,0,90.438545,23.649524,238711.48,2617768.83,1.0,74,173,1.85,1,Cluster_1,0.7809
Zone_DH666,19,1,90.438369,23.658548,238711.48,2618768.83,1.0,185,433,4.625,1,Cluster_1,0.9112
Zone_DH667,19,2,90.438193,23.667572,238711.48,2619768.83,1.0,289,718,7.225,1,Cluster_1,0.9039
Zone_DH668,19,3,90.438017,23.676595,238711.48,2620768.83,1.0,608,1568,15.2,1,Cluster_1,0.7719
Zone_DH669,19,4,90.437841,23.685619,238711.48,2621768.83,1.0,1210,3183,30.25,1,Cluster_1,0.8512
Zone_DH670,19,5,90.437665,23.694642,238711.48,2622768.83,1.0,1558,4062,38.95,1,Cluster_1,0.8008
Zone_DH671,19,6,90.437488,23.703666,238711.48,2623768.83,1.0,1418,3472,35.45,1,Cluster_1,0.7587
Zone_DH672,19,7,90.437312,23.712689,238711.48,2624768.83,1.0,978,2178,24.45,1,Cluster_1,0.7277
Zone_DH673,19,8,90.437135,23.721713,238711.48,2625768.83,1.0,788,1772,19.7,1,Cluster_1,0.6942
Zone_DH674,19,9,90.436959,23.730737,238711.48,2626768.83,1.0,719,1681,17.975,1,Cluster_1,0.8446
Zone_DH675,19,10,90.436782,23.73976,238711.48,2627768.83,1.0,890,2177,22.25,1,Cluster_1,0.8049
Zone_DH676,19,11,90.436606,23.748784,238711.48,2628768.83,1.0,1102,2743,27.55,1,Cluster_1,0.8163
Zone_DH677,19,12,90.436429,23.757807,238711.48,2629768.83,1.0,1026,2584,25.65,1,Cluster_1,0.8307
Zone_DH678,19,13,90.436252,23.766831,238711.48,2630768.83,1.0,854,2128,21.35,1,Cluster_1,0.8515
Zone_DH679,19,14,90.436075,23.775854,238711.48,2631768.83,1.0,693,1613,17.325,1,Cluster_1,0.7968
Zone_DH680,19,15,90.435898,23.784877,238711.48,2632768.83,1.0,867,2159,21.675,1,Cluster_1,0.8853
Zone_DH681,19,16,90.435721,23.793901,238711.48,2633768.83,1.0,963,2372,24.075,1,Cluster_1,0.8896
Zone_DH682,19,17,90.435544,23.802924,238711.48,2634768.83,1.0,997,2385,24.925,1,Cluster_1,0.8045
Zone_DH683,19,18,90.435366,23.811948,238711.48,2635768.83,1.0,973,2385,24.325,1,Cluster_1,0.8115
Zone_DH684,19,19,90.435189,23.820971,238711.48,2636768.83,1.0,905,2259,22.625,1,Cluster_1,0.7221
Zone_DH685,19,20,90.435011,23.829995,238711.48,2637768.83,1.0,694,1669,17.35,1,Cluster_1,0.8011
Zone_DH686,19,21,90.434834,23.839018,238711.48,2638768.83,1.0,364,819,9.1,1,Cluster_1,0.7955
Zone_DH687,19,22,90.434656,23.848041,238711.48,2639768.83,1.0,226,516,5.65,1,Cluster_1,0.864
Zone_DH688,19,23,90.434478,23.857065,238711.48,2640768.83,1.0,296,684,7.4,1,Cluster_1,0.8958
Zone_DH689,19,24,90.4343,23.866088,238711.48,2641768.83,1.0,403,906,10.075,1,Cluster_1,0.8912
Zone_DH690,19,25,90.434123,23.875111,238711.48,2642768.83,1.0,444,987,11.1,1,Cluster_1,0.8797
Zone_DH691,19,26,90.433945,23.884135,238711.48,2643768.83,1.0,368,806,9.2,1,Cluster_1,0.8611
Zone_DH692,19,27,90.433766,23.893158,238711.48,2644768.83,1.0,258,558,6.45,1,Cluster_1,0.5729
Zone_DH693,19,28,90.433588,23.902181,238711.48,2645768.83,1.0,149,320,3.725,1,Cluster_1,0.703
Zone_DH694,19,29,90.43341,23.911205,238711.48,2646768.83,1.0,57,102,1.425,0,Cluster_0,0.6904
Zone_DH695,19,30,90.433232,23.920228,238711.48,2647768.83,1.0,56,112,1.4,0,Cluster_0,0.7717
Zone_DH696,19,31,90.433053,23.929251,238711.48,2648768.83,1.0,64,135,1.6,1,Cluster_1,0.7347
Zone_DH697,19,32,90.432875,23.938274,238711.48,2649768.83,1.0,86,187,2.15,1,Cluster_1,0.711
Zone_DH698,19,33,90.432696,23.947298,238711.48,2650768.83,1.0,70,148,1.75,0,Cluster_0,0.7655
Zone_DH700,20,0,90.44834,23.649686,239711.48,2617768.83,1.0,51,109,1.275,0,Cluster_0,0.7504
Zone_DH701,20,1,90.448165,23.65871,239711.48,2618768.83,1.0,127,271,3.175,0,Cluster_0,0.6983
Zone_DH702,20,2,90.44799,23.667733,239711.48,2619768.83,1.0,332,790,8.3,1,Cluster_1,0.8314
Zone_DH703,20,3,90.447814,23.676757,239711.48,2620768.83,1.0,722,1790,18.05,1,Cluster_1,0.829
Zone_DH704,20,4,90.447639,23.685781,239711.48,2621768.83,1.0,1248,3382,31.2,1,Cluster_1,0.841
Zone_DH705,20,5,90.447463,23.694804,239711.48,2622768.83,1.0,1483,3981,37.075,1,Cluster_1,0.7957
Zone_DH706,20,6,90.447288,23.703828,239711.48,2623768.83,1.0,1232,3177,30.8,1,Cluster_1,0.7662
Zone_DH707,20,7,90.447112,23.712852,239711.48,2624768.83,1.0,715,1690,17.875,1,Cluster_1,0.8586
Zone_DH708,20,8,90.446936,23.721875,239711.48,2625768.83,1.0,533,1300,13.325,1,Cluster_1,0.7079
Zone_DH709,20,9,90.446761,23.730899,239711.48,2626768.83,1.0,521,1277,13.025,1,Cluster_1,0.8504
Zone_DH710,20,10,90.446585,23.739922,239711.48,2627768.83,1.0,650,1557,16.25,1,Cluster_1,0.8472
Zone_DH711,20,11,90.446409,23.748946,239711.48,2628768.83,1.0,731,1782,18.275,1,Cluster_1,0.8545
Zone_DH712,20,12,90.446233,23.757969,239711.48,2629768.83,1.0,770,1993,19.25,1,Cluster_1,0.8635
Zone_DH713,20,13,90.446056,23.766993,239711.48,2630768.83,1.0,615,1614,15.375,1,Cluster_1,0.7844
Zone_DH714,20,14,90.44588,23.776017,239711.48,2631768.83,1.0,390,955,9.75,1,Cluster_1,0.7483
Zone_DH715,20,15,90.445704,23.78504,239711.48,2632768.83,1.0,380,841,9.5,1,Cluster_1,0.6848
Zone_DH716,20,16,90.445527,23.794064,239711.48,2633768.83,1.0,624,1468,15.6,1,Cluster_1,0.911
Zone_DH717,20,17,90.445351,23.803087,239711.48,2634768.83,1.0,783,1794,19.575,1,Cluster_1,0.782
Zone_DH718,20,18,90.445174,23.812111,239711.48,2635768.83,1.0,819,2005,20.475,1,Cluster_1,0.7051
Zone_DH719,20,19,90.444997,23.821134,239711.48,2636768.83,1.0,763,1984,19.075,1,Cluster_1,0.6942
Zone_DH720,20,20,90.44482,23.830158,239711.48,2637768.83,1.0,574,1466,14.35,1,Cluster_1,0.7962
Zone_DH721,20,21,90.444644,23.839181,239711.48,2638768.83,1.0,285,632,7.125,1,Cluster_1,0.8824
Zone_DH722,20,22,90.444467,23.848204,239711.48,2639768.83,1.0,84,164,2.1,0,Cluster_0,0.7524
Zone_DH723,20,23,90.444289,23.857228,239711.48,2640768.83,1.0,115,242,2.875,1,Cluster_1,0.8021
Zone_DH724,20,24,90.444112,23.866251,239711.48,2641768.83,1.0,197,428,4.925,1,Cluster_1,0.8429
Zone_DH725,20,25,90.443935,23.875275,239711.48,2642768.83,1.0,293,652,7.325,1,Cluster_1,0.8532
Zone_DH726,20,26,90.443758,23.884298,239711.48,2643768.83,1.0,258,570,6.45,1,Cluster_1,0.8577
Zone_DH727,20,27,90.44358,23.893322,239711.48,2644768.83,1.0,164,344,4.1,0,Cluster_0,0.5624
Zone_DH728,20,28,90.443403,23.902345,239711.48,2645768.83,1.0,71,144,1.775,0,Cluster_0,0.7199
Zone_DH729,20,29,90.443225,23.911368,239711.48,2646768.83,1.0,56,108,1.4,1,Cluster_1,0.7068
Zone_DH730,20,30,90.443047,23.920392,239711.48,2647768.83,1.0,75,156,1.875,1,Cluster_1,0.7018
Zone_DH731,20,31,90.44287,23.929415,239711.48,2648768.83,1.0,80,182,2.0,1,Cluster_1,0.7056
Zone_DH732,20,32,90.442692,23.938438,239711.48,2649768.83,1.0,88,193,2.2,1,Cluster_1,0.7761
Zone_DH733,20,33,90.442514,23.947462,239711.48,2650768.83,1.0,45,87,1.125,0,Cluster_0,0.7269
Zone_DH735,21,0,90.458136,23.649847,240711.48,2617768.83,1.0,54,115,1.35,0,Cluster_0,0.7405
Zone_DH736,21,1,90.457961,23.658871,240711.48,2618768.83,1.0,249,551,6.225,1,Cluster_1,0.9023
Zone_DH737,21,2,90.457787,23.667894,240711.48,2619768.83,1.0,504,1200,12.6,1,Cluster_1,0.8973
Zone_DH738,21,3,90.457612,23.676918,240711.48,2620768.83,1.0,814,2002,20.35,1,Cluster_1,0.8601
Zone_DH739,21,4,90.457437,23.685942,240711.48,2621768.83,1.0,926,2268,23.15,1,Cluster_1,0.8252
Zone_DH740,21,5,90.457263,23.694966,240711.48,2622768.83,1.0,1039,2688,25.975,1,Cluster_1,0.8602
Zone_DH741,21,6,90.457088,23.703989,240711.48,2623768.83,1.0,902,2344,22.55,1,Cluster_1,0.8623
Zone_DH742,21,7,90.456913,23.713013,240711.48,2624768.83,1.0,557,1365,13.925,1,Cluster_1,0.8814
Zone_DH743,21,8,90.456738,23.722037,240711.48,2625768.83,1.0,404,1040,10.1,1,Cluster_1,0.8479
Zone_DH744,21,9,90.456562,23.73106,240711.48,2626768.83,1.0,303,741,7.575,1,Cluster_1,0.8849
Zone_DH745,21,10,90.456387,23.740084,240711.48,2627768.83,1.0,382,879,9.55,1,Cluster_1,0.8919
Zone_DH746,21,11,90.456212,23.749108,240711.48,2628768.83,1.0,376,826,9.4,1,Cluster_1,0.88
Zone_DH747,21,12,90.456036,23.758131,240711.48,2629768.83,1.0,474,1162,11.85,1,Cluster_1,0.8348
Zone_DH748,21,13,90.455861,23.767155,240711.48,2630768.83,1.0,457,1205,11.425,1,Cluster_1,0.7581
Zone_DH749,21,14,90.455685,23.776179,240711.48,2631768.83,1.0,326,888,8.15,1,Cluster_1,0.7276
Zone_DH750,21,15,90.455509,23.785202,240711.48,2632768.83,1.0,242,599,6.05,1,Cluster_1,0.8801
Zone_DH751,21,16,90.455334,23.794226,240711.48,2633768.83,1.0,477,1136,11.925,1,Cluster_1,0.8561
Zone_DH752,21,17,90.455158,23.803249,240711.48,2634768.83,1.0,626,1476,15.65,1,Cluster_1,0.7754
Zone_DH753,21,18,90.454982,23.812273,240711.48,2635768.83,1.0,708,1723,17.7,1,Cluster_1,0.6439
Zone_DH754,21,19,90.454806,23.821296,240711.48,2636768.83,1.0,659,1731,16.475,1,Cluster_1,0.6811
Zone_DH755,21,20,90.45463,23.83032,240711.48,2637768.83,1.0,512,1393,12.8,1,Cluster_1,0.7952
Zone_DH756,21,21,90.454453,23.839343,240711.48,2638768.83,1.0,309,737,7.725,1,Cluster_1,0.8755
Zone_DH757,21,22,90.454277,23.848367,240711.48,2639768.83,1.0,84,178,2.1,0,Cluster_0,0.5288
Zone_DH758,21,23,90.454101,23.857391,240711.48,2640768.83,1.0,70,142,1.75,0,Cluster_0,0.7796
Zone_DH759,21,24,90.453924,23.866414,240711.48,2641768.83,1.0,86,176,2.15,1,Cluster_1,0.7602
Zone_DH760,21,25,90.453748,23.875437,240711.48,2642768.83,1.0,142,292,3.55,1,Cluster_1,0.82
Zone_DH761,21,26,90.453571,23.884461,240711.48,2643768.83,1.0,128,262,3.2,1,Cluster_1,0.8398
Zone_DH762,21,27,90.453394,23.893484,240711.48,2644768.83,1.0,59,110,1.475,0,Cluster_0,0.7194
Zone_DH763,21,28,90.453217,23.902508,240711.48,2645768.83,1.0,26,48,0.65,0,Cluster_0,0.7039
Zone_DH764,21,29,90.45304,23.911531,240711.48,2646768.83,1.0,39,74,0.975,0,Cluster_0,0.7461
Zone_DH765,21,30,90.452863,23.920555,240711.48,2647768.83,1.0,69,142,1.725,1,Cluster_1,0.7782
Zone_DH766,21,31,90.452686,23.929578,240711.48,2648768.83,1.0,73,166,1.825,1,Cluster_1,0.7231
Zone_DH767,21,32,90.452509,23.938602,240711.48,2649768.83,1.0,54,120,1.35,1,Cluster_1,0.6869
Zone_DH768,21,33,90.452332,23.947625,240711.48,2650768.83,1.0,17,28,0.425,0,Cluster_0,0.4574
Zone_DH770,22,0,90.467932,23.650007,241711.48,2617768.83,1.0,92,218,2.3,1,Cluster_1,0.796
Zone_DH771,22,1,90.467758,23.659031,241711.48,2618768.83,1.0,325,772,8.125,1,Cluster_1,0.8771
Zone_DH772,22,2,90.467584,23.668055,241711.48,2619768.83,1.0,634,1566,15.85,1,Cluster_1,0.8563
Zone_DH773,22,3,90.46741,23.677079,241711.48,2620768.83,1.0,846,2118,21.15,1,Cluster_1,0.8611
Zone_DH774,22,4,90.467236,23.686103,241711.48,2621768.83,1.0,748,1834,18.7,1,Cluster_1,0.866
Zone_DH775,22,5,90.467062,23.695126,241711.48,2622768.83,1.0,756,1898,18.9,1,Cluster_1,0.8701
Zone_DH776,22,6,90.466887,23.70415,241711.48,2623768.83,1.0,695,1737,17.375,1,Cluster_1,0.9064
Zone_DH777,22,7,90.466713,23.713174,241711.48,2624768.83,1.0,470,1166,11.75,1,Cluster_1,0.8907
Zone_DH778,22,8,90.466539,23.722198,241711.48,2625768.83,1.0,295,671,7.375,1,Cluster_1,0.8864
Zone_DH779,22,9,90.466364,23.731221,241711.48,2626768.83,1.0,174,352,4.35,1,Cluster_1,0.7732
Zone_DH780,22,10,90.46619,23.740245,241711.48,2627768.83,1.0,184,376,4.6,1,Cluster_1,0.7903
Zone_DH781,22,11,90.466015,23.749269,241711.48,2628768.83,1.0,157,334,3.925,1,Cluster_1,0.8475
Zone_DH782,22,12,90.46584,23.758293,241711.48,2629768.83,1.0,202,474,5.05,1,Cluster_1,0.6032
Zone_DH783,22,13,90.465665,23.767316,241711.48,2630768.83,1.0,241,630,6.025,1,Cluster_1,0.731
Zone_DH784,22,14,90.46549,23.77634,241711.48,2631768.83,1.0,193,532,4.825,1,Cluster_1,0.7426
Zone_DH785,22,15,90.465315,23.785364,241711.48,2632768.83,1.0,168,428,4.2,1,Cluster_1,0.74
Zone_DH786,22,16,90.46514,23.794387,241711.48,2633768.83,1.0,382,934,9.55,1,Cluster_1,0.8212
Zone_DH787,22,17,90.464965,23.803411,241711.48,2634768.83,1.0,494,1124,12.35,1,Cluster_1,0.6899
Zone_DH788,22,18,90.46479,23.812434,241711.48,2635768.83,1.0,527,1205,13.175,1,Cluster_1,0.5945
Zone_DH789,22,19,90.464614,23.821458,241711.48,2636768.83,1.0,511,1251,12.775,1,Cluster_1,0.6742
Zone_DH790,22,20,90.464439,23.830482,241711.48,2637768.83,1.0,370,925,9.25,1,Cluster_1,0.8908
Zone_DH791,22,21,90.464263,23.839505,241711.48,2638768.83,1.0,287,648,7.175,1,Cluster_1,0.7801
Zone_DH792,22,22,90.464088,23.848529,241711.48,2639768.83,1.0,119,259,2.975,0,Cluster_0,0.5637
Zone_DH793,22,23,90.463912,23.857552,241711.48,2640768.83,1.0,76,139,1.9,0,Cluster_0,0.7302
Zone_DH794,22,24,90.463736,23.866576,241711.48,2641768.83,1.0,73,140,1.825,0,Cluster_0,0.7564
Zone_DH795,22,25,90.46356,23.8756,241711.48,2642768.83,1.0,83,170,2.075,0,Cluster_0,0.7206
Zone_DH796,22,26,90.463384,23.884623,241711.48,2643768.83,1.0,61,120,1.525,0,Cluster_0,0.8254
Zone_DH797,22,27,90.463208,23.893647,241711.48,2644768.83,1.0,39,72,0.975,0,Cluster_0,0.5508
Zone_DH798,22,28,90.463032,23.90267,241711.48,2645768.83,1.0,35,56,0.875,0,Cluster_0,0.7883
Zone_DH799,22,29,90.462856,23.911694,241711.48,2646768.83,1.0,43,81,1.075,0,Cluster_0,0.8146
Zone_DH800,22,30,90.462679,23.920717,241711.48,2647768.83,1.0,59,109,1.475,0,Cluster_0,0.6963
Zone_DH801,22,31,90.462503,23.929741,241711.48,2648768.83,1.0,70,150,1.75,1,Cluster_1,0.7534
Zone_DH802,22,32,90.462326,23.938764,241711.48,2649768.83,1.0,42,84,1.05,0,Cluster_0,0.7078
Zone_DH805,23,0,90.477727,23.650167,242711.48,2617768.83,1.0,80,186,2.0,1,Cluster_1,0.7924
Zone_DH806,23,1,90.477554,23.659191,242711.48,2618768.83,1.0,187,432,4.675,1,Cluster_1,0.9082
Zone_DH807,23,2,90.477381,23.668215,242711.48,2619768.83,1.0,305,754,7.625,1,Cluster_1,0.9076
Zone_DH808,23,3,90.477208,23.677239,242711.48,2620768.83,1.0,400,1012,10.0,1,Cluster_1,0.9079
Zone_DH809,23,4,90.477034,23.686263,242711.48,2621768.83,1.0,453,1122,11.325,1,Cluster_1,0.9036
Zone_DH810,23,5,90.476861,23.695286,242711.48,2622768.83,1.0,446,1097,11.15,1,Cluster_1,0.9131
Zone_DH811,23,6,90.476687,23.70431,242711.48,2623768.83,1.0,444,1108,11.1,1,Cluster_1,0.8804
Zone_DH812,23,7,90.476514,23.713334,242711.48,2624768.83,1.0,329,817,8.225,1,Cluster_1,0.8346
Zone_DH813,23,8,90.47634,23.722358,242711.48,2625768.83,1.0,191,439,4.775,1,Cluster_1,0.8475
Zone_DH814,23,9,90.476166,23.731382,242711.48,2626768.83,1.0,86,164,2.15,0,Cluster_0,0.7341
Zone_DH815,23,10,90.475992,23.740406,242711.48,2627768.83,1.0,78,156,1.95,0,Cluster_0,0.6949
Zone_DH816,23,11,90.475818,23.749429,242711.48,2628768.83,1.0,68,140,1.7,1,Cluster_1,0.7255
Zone_DH817,23,12,90.475644,23.758453,242711.48,2629768.83,1.0,61,128,1.525,0,Cluster_0,0.747
Zone_DH818,23,13,90.47547,23.767477,242711.48,2630768.83,1.0,75,190,1.875,0,Cluster_0,0.6306
Zone_DH819,23,14,90.475296,23.776501,242711.48,2631768.83,1.0,43,114,1.075,0,Cluster_0,0.6877
Zone_DH820,23,15,90.475121,23.785524,242711.48,2632768.83,1.0,35,54,0.875,0,Cluster_0,0.6152
Zone_DH821,23,16,90.474947,23.794548,242711.48,2633768.83,1.0,147,299,3.675,1,Cluster_1,0.8171
Zone_DH822,23,17,90.474772,23.803572,242711.48,2634768.83,1.0,262,568,6.55,1,Cluster_1,0.714
Zone_DH823,23,18,90.474598,23.812595,242711.48,2635768.83,1.0,350,783,8.75,1,Cluster_1,0.6538
Zone_DH824,23,19,90.474423,23.821619,242711.48,2636768.83,1.0,302,698,7.55,1,Cluster_1,0.6834
Zone_DH825,23,20,90.474248,23.830643,242711.48,2637768.83,1.0,222,489,5.55,1,Cluster_1,0.8947
Zone_DH826,23,21,90.474073,23.839667,242711.48,2638768.83,1.0,260,573,6.5,1,Cluster_1,0.8557
Zone_DH827,23,22,90.473898,23.84869,242711.48,2639768.83,1.0,278,585,6.95,1,Cluster_1,0.772
Zone_DH828,23,23,90.473723,23.857714,242711.48,2640768.83,1.0,238,478,5.95,1,Cluster_1,0.7539
Zone_DH829,23,24,90.473548,23.866737,242711.48,2641768.83,1.0,149,278,3.725,1,Cluster_1,0.7456
Zone_DH830,23,25,90.473373,23.875761,242711.48,2642768.83,1.0,56,119,1.4,0,Cluster_0,0.7394
Zone_DH831,23,26,90.473198,23.884785,242711.48,2643768.83,1.0,47,100,1.175,0,Cluster_0,0.7983
Zone_DH832,23,27,90.473022,23.893808,242711.48,2644768.83,1.0,28,54,0.7,0,Cluster_0,0.7065
Zone_DH833,23,28,90.472847,23.902832,242711.48,2645768.83,1.0,33,62,0.825,0,Cluster_0,0.8311
Zone_DH834,23,29,90.472671,23.911855,242711.48,2646768.83,1.0,40,76,1.0,0,Cluster_0,0.751
Zone_DH835,23,30,90.472496,23.920879,242711.48,2647768.83,1.0,42,72,1.05,0,Cluster_0,0.5703
Zone_DH836,23,31,90.47232,23.929903,242711.48,2648768.83,1.0,48,93,1.2,0,Cluster_0,0.8175
Zone_DH837,23,32,90.472144,23.938926,242711.48,2649768.83,1.0,34,72,0.85,0,Cluster_0,0.7517
Zone_DH840,24,0,90.487523,23.650326,243711.48,2617768.83,1.0,38,92,0.95,0,Cluster_0,0.7151
Zone_DH841,24,1,90.487351,23.65935,243711.48,2618768.83,1.0,64,146,1.6,0,Cluster_0,0.7814
Zone_DH842,24,2,90.487178,23.668374,243711.48,2619768.83,1.0,94,230,2.35,1,Cluster_1,0.7183
Zone_DH843,24,3,90.487006,23.677398,243711.48,2620768.83,1.0,109,278,2.725,1,Cluster_1,0.7947
Zone_DH844,24,4,90.486833,23.686422,243711.48,2621768.83,1.0,161,378,4.025,1,Cluster_1,0.8231
Zone_DH845,24,5,90.48666,23.695446,243711.48,2622768.83,1.0,186,441,4.65,1,Cluster_1,0.6835
Zone_DH846,24,6,90.486487,23.70447,243711.48,2623768.83,1.0,134,305,3.35,1,Cluster_1,0.8451
Zone_DH847,24,7,90.486314,23.713494,243711.48,2624768.83,1.0,100,224,2.5,1,Cluster_1,0.7744
Zone_DH848,24,8,90.486141,23.722518,243711.48,2625768.83,1.0,58,114,1.45,0,Cluster_0,0.8373
Zone_DH849,24,9,90.485968,23.731542,243711.48,2626768.83,1.0,50,96,1.25,0,Cluster_0,0.64
Zone_DH850,24,10,90.485795,23.740565,243711.48,2627768.83,1.0,52,98,1.3,0,Cluster_0,0.615
Zone_DH851,24,11,90.485621,23.749589,243711.48,2628768.83,1.0,22,32,0.55,0,Cluster_0,0.4078
Zone_DH856,24,16,90.484754,23.794708,243711.48,2633768.83,1.0,61,128,1.525,1,Cluster_1,0.7221
Zone_DH857,24,17,90.48458,23.803732,243711.48,2634768.83,1.0,85,172,2.125,1,Cluster_1,0.7134
Zone_DH858,24,18,90.484406,23.812756,243711.48,2635768.83,1.0,89,182,2.225,1,Cluster_1,0.563
Zone_DH859,24,19,90.484232,23.82178,243711.48,2636768.83,1.0,71,136,1.775,0,Cluster_0,0.6673
Zone_DH860,24,20,90.484058,23.830803,243711.48,2637768.83,1.0,96,196,2.4,1,Cluster_1,0.7991
Zone_DH861,24,21,90.483883,23.839827,243711.48,2638768.83,1.0,188,428,4.7,1,Cluster_1,0.8193
Zone_DH862,24,22,90.483709,23.848851,243711.48,2639768.83,1.0,273,576,6.825,1,Cluster_1,0.7596
Zone_DH863,24,23,90.483535,23.857875,243711.48,2640768.83,1.0,229,454,5.725,1,Cluster_1,0.7431
Zone_DH864,24,24,90.48336,23.866898,243711.48,2641768.83,1.0,136,262,3.4,1,Cluster_1,0.7282
Zone_DH865,24,25,90.483186,23.875922,243711.48,2642768.83,1.0,26,55,0.65,0,Cluster_0,0.5798
Zone_DH866,24,26,90.483011,23.884946,243711.48,2643768.83,1.0,17,34,0.425,0,Cluster_0,0.5395
Zone_DH868,24,28,90.482662,23.902993,243711.48,2645768.83,1.0,17,28,0.425,0,Cluster_0,0.5992
Zone_DH869,24,29,90.482487,23.912017,243711.48,2646768.83,1.0,17,26,0.425,0,Cluster_0,0.4956
Zone_DH870,24,30,90.482312,23.92104,243711.48,2647768.83,1.0,17,24,0.425,0,Cluster_0,0.1903
Zone_DH871,24,31,90.482137,23.930064,243711.48,2648768.83,1.0,27,54,0.675,0,Cluster_0,0.8414
Zone_DH872,24,32,90.481962,23.939087,243711.48,2649768.83,1.0,21,44,0.525,0,Cluster_0,0.6897
