zone_id,uffm_cluster_id,uffm_cluster_label
Zone_DH009,1,UF_Cluster_1
Zone_DH010,1,UF_Cluster_1
Zone_DH011,1,UF_Cluster_1
Zone_DH012,1,UF_Cluster_1
Zone_DH013,1,UF_Cluster_1
Zone_DH014,1,UF_Cluster_1
Zone_DH015,1,UF_Cluster_1
Zone_DH016,0,UF_Cluster_0
Zone_DH017,0,UF_Cluster_0
Zone_DH018,0,UF_Cluster_0
Zone_DH019,0,UF_Cluster_0
Zone_DH020,0,UF_Cluster_0
Zone_DH021,0,UF_Cluster_0
Zone_DH022,0,UF_Cluster_0
Zone_DH023,0,UF_Cluster_0
Zone_DH024,0,UF_Cluster_0
Zone_DH025,0,UF_Cluster_0
Zone_DH026,0,UF_Cluster_0
Zone_DH027,0,UF_Cluster_0
Zone_DH028,0,UF_Cluster_0
Zone_DH029,0,UF_Cluster_0
Zone_DH030,0,UF_Cluster_0
Zone_DH031,0,UF_Cluster_0
Zone_DH032,0,UF_Cluster_0
Zone_DH033,1,UF_Cluster_1
Zone_DH044,1,UF_Cluster_1
Zone_DH045,1,UF_Cluster_1
Zone_DH046,1,UF_Cluster_1
Zone_DH047,1,UF_Cluster_1
Zone_DH048,1,UF_Cluster_1
Zone_DH049,1,UF_Cluster_1
Zone_DH050,1,UF_Cluster_1
Zone_DH051,0,UF_Cluster_0
Zone_DH052,0,UF_Cluster_0
Zone_DH053,1,UF_Cluster_1
Zone_DH054,0,UF_Cluster_0
Zone_DH055,0,UF_Cluster_0
Zone_DH056,0,UF_Cluster_0
Zone_DH057,0,UF_Cluster_0
Zone_DH058,0,UF_Cluster_0
Zone_DH059,0,UF_Cluster_0
Zone_DH060,0,UF_Cluster_0
Zone_DH061,0,UF_Cluster_0
Zone_DH062,0,UF_Cluster_0
Zone_DH063,0,UF_Cluster_0
Zone_DH064,0,UF_Cluster_0
Zone_DH065,0,UF_Cluster_0
Zone_DH066,0,UF_Cluster_0
Zone_DH067,0,UF_Cluster_0
Zone_DH068,0,UF_Cluster_0
Zone_DH069,0,UF_Cluster_0
Zone_DH072,1,UF_Cluster_1
Zone_DH073,0,UF_Cluster_0
Zone_DH074,1,UF_Cluster_1
Zone_DH075,1,UF_Cluster_1
Zone_DH076,1,UF_Cluster_1
Zone_DH077,1,UF_Cluster_1
Zone_DH078,1,UF_Cluster_1
Zone_DH079,1,UF_Cluster_1
Zone_DH080,1,UF_Cluster_1
Zone_DH081,1,UF_Cluster_1
Zone_DH082,1,UF_Cluster_1
Zone_DH083,1,UF_Cluster_1
Zone_DH084,1,UF_Cluster_1
Zone_DH085,1,UF_Cluster_1
Zone_DH086,0,UF_Cluster_0
Zone_DH087,0,UF_Cluster_0
Zone_DH088,1,UF_Cluster_1
Zone_DH089,0,UF_Cluster_0
Zone_DH090,0,UF_Cluster_0
Zone_DH091,0,UF_Cluster_0
Zone_DH092,0,UF_Cluster_0
Zone_DH093,0,UF_Cluster_0
Zone_DH094,0,UF_Cluster_0
Zone_DH095,0,UF_Cluster_0
Zone_DH096,0,UF_Cluster_0
Zone_DH097,0,UF_Cluster_0
Zone_DH098,0,UF_Cluster_0
Zone_DH099,0,UF_Cluster_0
Zone_DH100,0,UF_Cluster_0
Zone_DH101,0,UF_Cluster_0
Zone_DH102,0,UF_Cluster_0
Zone_DH103,0,UF_Cluster_0
Zone_DH104,0,UF_Cluster_0
Zone_DH106,1,UF_Cluster_1
Zone_DH107,1,UF_Cluster_1
Zone_DH108,1,UF_Cluster_1
Zone_DH109,1,UF_Cluster_1
Zone_DH110,1,UF_Cluster_1
Zone_DH111,1,UF_Cluster_1
Zone_DH112,1,UF_Cluster_1
Zone_DH113,1,UF_Cluster_1
Zone_DH114,1,UF_Cluster_1
Zone_DH115,1,UF_Cluster_1
Zone_DH116,1,UF_Cluster_1
Zone_DH117,1,UF_Cluster_1
Zone_DH118,1,UF_Cluster_1
Zone_DH119,1,UF_Cluster_1
Zone_DH120,1,UF_Cluster_1
Zone_DH121,0,UF_Cluster_0
Zone_DH122,0,UF_Cluster_0
Zone_DH123,0,UF_Cluster_0
Zone_DH124,0,UF_Cluster_0
Zone_DH125,0,UF_Cluster_0
Zone_DH126,0,UF_Cluster_0
Zone_DH127,0,UF_Cluster_0
Zone_DH128,0,UF_Cluster_0
Zone_DH129,0,UF_Cluster_0
Zone_DH130,0,UF_Cluster_0
Zone_DH131,0,UF_Cluster_0
Zone_DH132,0,UF_Cluster_0
Zone_DH133,0,UF_Cluster_0
Zone_DH134,0,UF_Cluster_0
Zone_DH135,0,UF_Cluster_0
Zone_DH136,0,UF_Cluster_0
Zone_DH137,0,UF_Cluster_0
Zone_DH138,0,UF_Cluster_0
Zone_DH139,0,UF_Cluster_0
Zone_DH142,1,UF_Cluster_1
Zone_DH143,1,UF_Cluster_1
Zone_DH144,1,UF_Cluster_1
Zone_DH145,1,UF_Cluster_1
Zone_DH146,1,UF_Cluster_1
Zone_DH147,1,UF_Cluster_1
Zone_DH148,1,UF_Cluster_1
Zone_DH149,1,UF_Cluster_1
Zone_DH150,1,UF_Cluster_1
Zone_DH151,1,UF_Cluster_1
Zone_DH152,1,UF_Cluster_1
Zone_DH153,1,UF_Cluster_1
Zone_DH154,0,UF_Cluster_0
Zone_DH155,0,UF_Cluster_0
Zone_DH156,0,UF_Cluster_0
Zone_DH157,0,UF_Cluster_0
Zone_DH158,0,UF_Cluster_0
Zone_DH159,1,UF_Cluster_1
Zone_DH160,1,UF_Cluster_1
Zone_DH161,0,UF_Cluster_0
Zone_DH162,0,UF_Cluster_0
Zone_DH163,0,UF_Cluster_0
Zone_DH164,0,UF_Cluster_0
Zone_DH165,0,UF_Cluster_0
Zone_DH166,0,UF_Cluster_0
Zone_DH167,0,UF_Cluster_0
Zone_DH168,0,UF_Cluster_0
Zone_DH169,0,UF_Cluster_0
Zone_DH170,0,UF_Cluster_0
Zone_DH171,0,UF_Cluster_0
Zone_DH172,0,UF_Cluster_0
Zone_DH173,0,UF_Cluster_0
Zone_DH174,0,UF_Cluster_0
Zone_DH176,0,UF_Cluster_0
Zone_DH177,1,UF_Cluster_1
Zone_DH178,1,UF_Cluster_1
Zone_DH179,1,UF_Cluster_1
Zone_DH180,1,UF_Cluster_1
Zone_DH181,1,UF_Cluster_1
Zone_DH182,1,UF_Cluster_1
Zone_DH183,1,UF_Cluster_1
Zone_DH184,1,UF_Cluster_1
Zone_DH185,1,UF_Cluster_1
Zone_DH186,1,UF_Cluster_1
Zone_DH187,1,UF_Cluster_1
Zone_DH188,1,UF_Cluster_1
Zone_DH189,0,UF_Cluster_0
Zone_DH190,0,UF_Cluster_0
Zone_DH191,0,UF_Cluster_0
Zone_DH192,0,UF_Cluster_0
Zone_DH193,0,UF_Cluster_0
Zone_DH194,1,UF_Cluster_1
Zone_DH195,1,UF_Cluster_1
Zone_DH196,0,UF_Cluster_0
Zone_DH197,0,UF_Cluster_0
Zone_DH198,0,UF_Cluster_0
Zone_DH199,0,UF_Cluster_0
Zone_DH200,0,UF_Cluster_0
Zone_DH201,0,UF_Cluster_0
Zone_DH202,0,UF_Cluster_0
Zone_DH203,0,UF_Cluster_0
Zone_DH204,0,UF_Cluster_0
Zone_DH205,0,UF_Cluster_0
Zone_DH206,0,UF_Cluster_0
Zone_DH207,0,UF_Cluster_0
Zone_DH208,0,UF_Cluster_0
Zone_DH209,0,UF_Cluster_0
Zone_DH211,0,UF_Cluster_0
Zone_DH212,1,UF_Cluster_1
Zone_DH213,1,UF_Cluster_1
Zone_DH214,1,UF_Cluster_1
Zone_DH215,1,UF_Cluster_1
Zone_DH216,1,UF_Cluster_1
Zone_DH217,1,UF_Cluster_1
Zone_DH218,1,UF_Cluster_1
Zone_DH219,1,UF_Cluster_1
Zone_DH220,1,UF_Cluster_1
Zone_DH221,1,UF_Cluster_1
Zone_DH222,1,UF_Cluster_1
Zone_DH223,1,UF_Cluster_1
Zone_DH224,0,UF_Cluster_0
Zone_DH225,0,UF_Cluster_0
Zone_DH226,0,UF_Cluster_0
Zone_DH227,1,UF_Cluster_1
Zone_DH228,1,UF_Cluster_1
Zone_DH229,1,UF_Cluster_1
Zone_DH230,1,UF_Cluster_1
Zone_DH231,0,UF_Cluster_0
Zone_DH232,0,UF_Cluster_0
Zone_DH233,0,UF_Cluster_0
Zone_DH234,0,UF_Cluster_0
Zone_DH235,0,UF_Cluster_0
Zone_DH236,0,UF_Cluster_0
Zone_DH237,0,UF_Cluster_0
Zone_DH238,0,UF_Cluster_0
Zone_DH239,0,UF_Cluster_0
Zone_DH240,0,UF_Cluster_0
Zone_DH241,0,UF_Cluster_0
Zone_DH242,0,UF_Cluster_0
Zone_DH243,0,UF_Cluster_0
Zone_DH244,0,UF_Cluster_0
Zone_DH246,1,UF_Cluster_1
Zone_DH247,1,UF_Cluster_1
Zone_DH248,1,UF_Cluster_1
Zone_DH249,1,UF_Cluster_1
Zone_DH250,1,UF_Cluster_1
Zone_DH251,1,UF_Cluster_1
Zone_DH252,1,UF_Cluster_1
Zone_DH253,0,UF_Cluster_0
Zone_DH254,0,UF_Cluster_0
Zone_DH255,0,UF_Cluster_0
Zone_DH256,0,UF_Cluster_0
Zone_DH257,0,UF_Cluster_0
Zone_DH258,1,UF_Cluster_1
Zone_DH259,0,UF_Cluster_0
Zone_DH260,0,UF_Cluster_0
Zone_DH261,1,UF_Cluster_1
Zone_DH262,1,UF_Cluster_1
Zone_DH263,1,UF_Cluster_1
Zone_DH264,1,UF_Cluster_1
Zone_DH265,1,UF_Cluster_1
Zone_DH266,1,UF_Cluster_1
Zone_DH267,1,UF_Cluster_1
Zone_DH268,0,UF_Cluster_0
Zone_DH269,0,UF_Cluster_0
Zone_DH270,0,UF_Cluster_0
Zone_DH271,0,UF_Cluster_0
Zone_DH272,0,UF_Cluster_0
Zone_DH273,0,UF_Cluster_0
Zone_DH274,0,UF_Cluster_0
Zone_DH275,0,UF_Cluster_0
Zone_DH276,0,UF_Cluster_0
Zone_DH277,0,UF_Cluster_0
Zone_DH278,0,UF_Cluster_0
Zone_DH279,1,UF_Cluster_1
Zone_DH281,1,UF_Cluster_1
Zone_DH282,1,UF_Cluster_1
Zone_DH283,1,UF_Cluster_1
Zone_DH284,1,UF_Cluster_1
Zone_DH285,1,UF_Cluster_1
Zone_DH286,1,UF_Cluster_1
Zone_DH287,1,UF_Cluster_1
Zone_DH288,0,UF_Cluster_0
Zone_DH289,0,UF_Cluster_0
Zone_DH290,0,UF_Cluster_0
Zone_DH291,0,UF_Cluster_0
Zone_DH292,0,UF_Cluster_0
Zone_DH293,0,UF_Cluster_0
Zone_DH294,0,UF_Cluster_0
Zone_DH295,0,UF_Cluster_0
Zone_DH296,0,UF_Cluster_0
Zone_DH297,1,UF_Cluster_1
Zone_DH300,1,UF_Cluster_1
Zone_DH301,1,UF_Cluster_1
Zone_DH302,1,UF_Cluster_1
Zone_DH303,1,UF_Cluster_1
Zone_DH304,0,UF_Cluster_0
Zone_DH305,0,UF_Cluster_0
Zone_DH306,0,UF_Cluster_0
Zone_DH307,0,UF_Cluster_0
Zone_DH308,0,UF_Cluster_0
Zone_DH309,0,UF_Cluster_0
Zone_DH310,1,UF_Cluster_1
Zone_DH311,1,UF_Cluster_1
Zone_DH312,1,UF_Cluster_1
Zone_DH313,1,UF_Cluster_1
Zone_DH314,1,UF_Cluster_1
Zone_DH315,1,UF_Cluster_1
Zone_DH316,1,UF_Cluster_1
Zone_DH317,1,UF_Cluster_1
Zone_DH318,1,UF_Cluster_1
Zone_DH319,1,UF_Cluster_1
Zone_DH320,0,UF_Cluster_0
Zone_DH321,0,UF_Cluster_0
Zone_DH322,0,UF_Cluster_0
Zone_DH323,0,UF_Cluster_0
Zone_DH324,0,UF_Cluster_0
Zone_DH325,0,UF_Cluster_0
Zone_DH326,0,UF_Cluster_0
Zone_DH327,0,UF_Cluster_0
Zone_DH328,0,UF_Cluster_0
Zone_DH329,0,UF_Cluster_0
Zone_DH330,0,UF_Cluster_0
Zone_DH331,0,UF_Cluster_0
Zone_DH332,0,UF_Cluster_0
Zone_DH333,0,UF_Cluster_0
Zone_DH334,0,UF_Cluster_0
Zone_DH335,0,UF_Cluster_0
Zone_DH336,0,UF_Cluster_0
Zone_DH337,1,UF_Cluster_1
Zone_DH338,1,UF_Cluster_1
Zone_DH339,0,UF_Cluster_0
Zone_DH340,0,UF_Cluster_0
Zone_DH341,0,UF_Cluster_0
Zone_DH342,0,UF_Cluster_0
Zone_DH343,0,UF_Cluster_0
Zone_DH344,0,UF_Cluster_0
Zone_DH345,1,UF_Cluster_1
Zone_DH346,1,UF_Cluster_1
Zone_DH347,1,UF_Cluster_1
Zone_DH350,1,UF_Cluster_1
Zone_DH351,1,UF_Cluster_1
Zone_DH352,1,UF_Cluster_1
Zone_DH353,1,UF_Cluster_1
Zone_DH354,1,UF_Cluster_1
Zone_DH355,0,UF_Cluster_0
Zone_DH356,0,UF_Cluster_0
Zone_DH357,0,UF_Cluster_0
Zone_DH358,0,UF_Cluster_0
Zone_DH359,0,UF_Cluster_0
Zone_DH360,0,UF_Cluster_0
Zone_DH361,0,UF_Cluster_0
Zone_DH362,0,UF_Cluster_0
Zone_DH363,0,UF_Cluster_0
Zone_DH364,0,UF_Cluster_0
Zone_DH365,0,UF_Cluster_0
Zone_DH366,0,UF_Cluster_0
Zone_DH367,0,UF_Cluster_0
Zone_DH368,0,UF_Cluster_0
Zone_DH369,0,UF_Cluster_0
Zone_DH370,0,UF_Cluster_0
Zone_DH371,0,UF_Cluster_0
Zone_DH372,0,UF_Cluster_0
Zone_DH373,0,UF_Cluster_0
Zone_DH374,0,UF_Cluster_0
Zone_DH375,0,UF_Cluster_0
Zone_DH376,0,UF_Cluster_0
Zone_DH377,1,UF_Cluster_1
Zone_DH378,1,UF_Cluster_1
Zone_DH379,0,UF_Cluster_0
Zone_DH380,0,UF_Cluster_0
Zone_DH381,0,UF_Cluster_0
Zone_DH382,1,UF_Cluster_1
Zone_DH383,1,UF_Cluster_1
Zone_DH385,1,UF_Cluster_1
Zone_DH386,1,UF_Cluster_1
Zone_DH387,1,UF_Cluster_1
Zone_DH388,1,UF_Cluster_1
Zone_DH389,1,UF_Cluster_1
Zone_DH390,0,UF_Cluster_0
Zone_DH391,0,UF_Cluster_0
Zone_DH392,0,UF_Cluster_0
Zone_DH393,0,UF_Cluster_0
Zone_DH394,0,UF_Cluster_0
Zone_DH395,0,UF_Cluster_0
Zone_DH396,0,UF_Cluster_0
Zone_DH397,0,UF_Cluster_0
Zone_DH398,0,UF_Cluster_0
Zone_DH399,0,UF_Cluster_0
Zone_DH400,0,UF_Cluster_0
Zone_DH401,0,UF_Cluster_0
Zone_DH402,0,UF_Cluster_0
Zone_DH403,0,UF_Cluster_0
Zone_DH404,0,UF_Cluster_0
Zone_DH405,0,UF_Cluster_0
Zone_DH406,0,UF_Cluster_0
Zone_DH407,0,UF_Cluster_0
Zone_DH408,0,UF_Cluster_0
Zone_DH409,0,UF_Cluster_0
Zone_DH410,0,UF_Cluster_0
Zone_DH411,0,UF_Cluster_0
Zone_DH412,0,UF_Cluster_0
Zone_DH413,0,UF_Cluster_0
Zone_DH414,0,UF_Cluster_0
Zone_DH415,0,UF_Cluster_0
Zone_DH416,0,UF_Cluster_0
Zone_DH417,1,UF_Cluster_1
Zone_DH418,1,UF_Cluster_1
Zone_DH419,1,UF_Cluster_1
Zone_DH420,1,UF_Cluster_1
Zone_DH421,0,UF_Cluster_0
Zone_DH422,0,UF_Cluster_0
Zone_DH423,1,UF_Cluster_1
Zone_DH424,0,UF_Cluster_0
Zone_DH425,0,UF_Cluster_0
Zone_DH426,0,UF_Cluster_0
Zone_DH427,0,UF_Cluster_0
Zone_DH428,0,UF_Cluster_0
Zone_DH429,0,UF_Cluster_0
Zone_DH430,0,UF_Cluster_0
Zone_DH431,0,UF_Cluster_0
Zone_DH432,0,UF_Cluster_0
Zone_DH433,0,UF_Cluster_0
Zone_DH434,0,UF_Cluster_0
Zone_DH435,0,UF_Cluster_0
Zone_DH436,0,UF_Cluster_0
Zone_DH437,0,UF_Cluster_0
Zone_DH438,0,UF_Cluster_0
Zone_DH439,0,UF_Cluster_0
Zone_DH440,0,UF_Cluster_0
Zone_DH441,0,UF_Cluster_0
Zone_DH442,0,UF_Cluster_0
Zone_DH443,0,UF_Cluster_0
Zone_DH444,0,UF_Cluster_0
Zone_DH445,0,UF_Cluster_0
Zone_DH446,0,UF_Cluster_0
Zone_DH447,0,UF_Cluster_0
Zone_DH448,0,UF_Cluster_0
Zone_DH449,0,UF_Cluster_0
Zone_DH450,0,UF_Cluster_0
Zone_DH451,0,UF_Cluster_0
Zone_DH452,0,UF_Cluster_0
Zone_DH453,0,UF_Cluster_0
Zone_DH454,0,UF_Cluster_0
Zone_DH455,1,UF_Cluster_1
Zone_DH456,0,UF_Cluster_0
Zone_DH457,0,UF_Cluster_0
Zone_DH458,0,UF_Cluster_0
Zone_DH459,0,UF_Cluster_0
Zone_DH460,0,UF_Cluster_0
Zone_DH461,0,UF_Cluster_0
Zone_DH462,0,UF_Cluster_0
Zone_DH463,0,UF_Cluster_0
Zone_DH464,0,UF_Cluster_0
Zone_DH465,0,UF_Cluster_0
Zone_DH466,0,UF_Cluster_0
Zone_DH467,0,UF_Cluster_0
Zone_DH468,0,UF_Cluster_0
Zone_DH469,0,UF_Cluster_0
Zone_DH470,0,UF_Cluster_0
Zone_DH471,0,UF_Cluster_0
Zone_DH472,0,UF_Cluster_0
Zone_DH473,0,UF_Cluster_0
Zone_DH474,0,UF_Cluster_0
Zone_DH475,0,UF_Cluster_0
Zone_DH476,0,UF_Cluster_0
Zone_DH477,0,UF_Cluster_0
Zone_DH478,0,UF_Cluster_0
Zone_DH479,0,UF_Cluster_0
Zone_DH480,0,UF_Cluster_0
Zone_DH481,0,UF_Cluster_0
Zone_DH482,0,UF_Cluster_0
Zone_DH483,0,UF_Cluster_0
Zone_DH484,0,UF_Cluster_0
Zone_DH485,0,UF_Cluster_0
Zone_DH486,0,UF_Cluster_0
Zone_DH487,0,UF_Cluster_0
Zone_DH488,0,UF_Cluster_0
Zone_DH489,0,UF_Cluster_0
Zone_DH490,1,UF_Cluster_1
Zone_DH491,0,UF_Cluster_0
Zone_DH492,0,UF_Cluster_0
Zone_DH493,0,UF_Cluster_0
Zone_DH494,0,UF_Cluster_0
Zone_DH495,0,UF_Cluster_0
Zone_DH496,0,UF_Cluster_0
Zone_DH497,0,UF_Cluster_0
Zone_DH498,0,UF_Cluster_0
Zone_DH499,0,UF_Cluster_0
Zone_DH500,0,UF_Cluster_0
Zone_DH501,0,UF_Cluster_0
Zone_DH502,0,UF_Cluster_0
Zone_DH503,0,UF_Cluster_0
Zone_DH504,0,UF_Cluster_0
Zone_DH505,0,UF_Cluster_0
Zone_DH506,0,UF_Cluster_0
Zone_DH507,0,UF_Cluster_0
Zone_DH508,0,UF_Cluster_0
Zone_DH509,0,UF_Cluster_0
Zone_DH510,0,UF_Cluster_0
Zone_DH511,0,UF_Cluster_0
Zone_DH512,0,UF_Cluster_0
Zone_DH513,0,UF_Cluster_0
Zone_DH514,0,UF_Cluster_0
Zone_DH515,0,UF_Cluster_0
Zone_DH516,0,UF_Cluster_0
Zone_DH517,0,UF_Cluster_0
Zone_DH518,0,UF_Cluster_0
Zone_DH519,0,UF_Cluster_0
Zone_DH520,0,UF_Cluster_0
Zone_DH521,0,UF_Cluster_0
Zone_DH522,0,UF_Cluster_0
Zone_DH523,0,UF_Cluster_0
Zone_DH524,0,UF_Cluster_0
Zone_DH525,0,UF_Cluster_0
Zone_DH526,0,UF_Cluster_0
Zone_DH527,0,UF_Cluster_0
Zone_DH528,0,UF_Cluster_0
Zone_DH529,0,UF_Cluster_0
Zone_DH530,0,UF_Cluster_0
Zone_DH531,0,UF_Cluster_0
Zone_DH532,0,UF_Cluster_0
Zone_DH533,0,UF_Cluster_0
Zone_DH534,0,UF_Cluster_0
Zone_DH535,0,UF_Cluster_0
Zone_DH536,0,UF_Cluster_0
Zone_DH537,0,UF_Cluster_0
Zone_DH538,0,UF_Cluster_0
Zone_DH539,0,UF_Cluster_0
Zone_DH540,0,UF_Cluster_0
Zone_DH541,0,UF_Cluster_0
Zone_DH542,0,UF_Cluster_0
Zone_DH543,0,UF_Cluster_0
Zone_DH544,0,UF_Cluster_0
Zone_DH545,0,UF_Cluster_0
Zone_DH546,0,UF_Cluster_0
Zone_DH547,0,UF_Cluster_0
Zone_DH548,0,UF_Cluster_0
Zone_DH549,0,UF_Cluster_0
Zone_DH550,0,UF_Cluster_0
Zone_DH551,0,UF_Cluster_0
Zone_DH552,0,UF_Cluster_0
Zone_DH553,0,UF_Cluster_0
Zone_DH554,0,UF_Cluster_0
Zone_DH555,0,UF_Cluster_0
Zone_DH556,0,UF_Cluster_0
Zone_DH557,0,UF_Cluster_0
Zone_DH558,0,UF_Cluster_0
Zone_DH559,0,UF_Cluster_0
Zone_DH560,0,UF_Cluster_0
Zone_DH561,0,UF_Cluster_0
Zone_DH562,0,UF_Cluster_0
Zone_DH563,0,UF_Cluster_0
Zone_DH564,0,UF_Cluster_0
Zone_DH565,0,UF_Cluster_0
Zone_DH566,0,UF_Cluster_0
Zone_DH567,0,UF_Cluster_0
Zone_DH568,0,UF_Cluster_0
Zone_DH569,0,UF_Cluster_0
Zone_DH570,0,UF_Cluster_0
Zone_DH571,0,UF_Cluster_0
Zone_DH572,0,UF_Cluster_0
Zone_DH573,0,UF_Cluster_0
Zone_DH574,0,UF_Cluster_0
Zone_DH575,0,UF_Cluster_0
Zone_DH576,0,UF_Cluster_0
Zone_DH577,0,UF_Cluster_0
Zone_DH578,0,UF_Cluster_0
Zone_DH579,0,UF_Cluster_0
Zone_DH580,0,UF_Cluster_0
Zone_DH581,0,UF_Cluster_0
Zone_DH582,0,UF_Cluster_0
Zone_DH583,0,UF_Cluster_0
Zone_DH584,0,UF_Cluster_0
Zone_DH585,0,UF_Cluster_0
Zone_DH586,0,UF_Cluster_0
Zone_DH587,0,UF_Cluster_0
Zone_DH588,0,UF_Cluster_0
Zone_DH589,0,UF_Cluster_0
Zone_DH590,0,UF_Cluster_0
Zone_DH591,0,UF_Cluster_0
Zone_DH592,0,UF_Cluster_0
Zone_DH593,0,UF_Cluster_0
Zone_DH594,0,UF_Cluster_0
Zone_DH595,0,UF_Cluster_0
Zone_DH596,0,UF_Cluster_0
Zone_DH597,0,UF_Cluster_0
Zone_DH598,0,UF_Cluster_0
Zone_DH599,0,UF_Cluster_0
Zone_DH600,0,UF_Cluster_0
Zone_DH601,0,UF_Cluster_0
Zone_DH602,0,UF_Cluster_0
Zone_DH603,0,UF_Cluster_0
Zone_DH604,0,UF_Cluster_0
Zone_DH605,0,UF_Cluster_0
Zone_DH606,0,UF_Cluster_0
Zone_DH607,0,UF_Cluster_0
Zone_DH608,0,UF_Cluster_0
Zone_DH609,0,UF_Cluster_0
Zone_DH610,0,UF_Cluster_0
Zone_DH611,0,UF_Cluster_0
Zone_DH612,0,UF_Cluster_0
Zone_DH613,0,UF_Cluster_0
Zone_DH614,0,UF_Cluster_0
Zone_DH615,0,UF_Cluster_0
Zone_DH616,0,UF_Cluster_0
Zone_DH617,0,UF_Cluster_0
Zone_DH618,0,UF_Cluster_0
Zone_DH619,0,UF_Cluster_0
Zone_DH620,0,UF_Cluster_0
Zone_DH621,0,UF_Cluster_0
Zone_DH622,0,UF_Cluster_0
Zone_DH623,0,UF_Cluster_0
Zone_DH624,0,UF_Cluster_0
Zone_DH625,0,UF_Cluster_0
Zone_DH626,0,UF_Cluster_0
Zone_DH627,0,UF_Cluster_0
Zone_DH628,1,UF_Cluster_1
Zone_DH630,0,UF_Cluster_0
Zone_DH631,0,UF_Cluster_0
Zone_DH632,0,UF_Cluster_0
Zone_DH633,0,UF_Cluster_0
Zone_DH634,0,UF_Cluster_0
Zone_DH635,0,UF_Cluster_0
Zone_DH636,0,UF_Cluster_0
Zone_DH637,0,UF_Cluster_0
Zone_DH638,0,UF_Cluster_0
Zone_DH639,0,UF_Cluster_0
Zone_DH640,0,UF_Cluster_0
Zone_DH641,0,UF_Cluster_0
Zone_DH642,0,UF_Cluster_0
Zone_DH643,0,UF_Cluster_0
Zone_DH644,0,UF_Cluster_0
Zone_DH645,0,UF_Cluster_0
Zone_DH646,0,UF_Cluster_0
Zone_DH647,0,UF_Cluster_0
Zone_DH648,0,UF_Cluster_0
Zone_DH649,0,UF_Cluster_0
Zone_DH650,0,UF_Cluster_0
Zone_DH651,0,UF_Cluster_0
Zone_DH652,0,UF_Cluster_0
Zone_DH653,0,UF_Cluster_0
Zone_DH654,0,UF_Cluster_0
Zone_DH655,0,UF_Cluster_0
Zone_DH656,0,UF_Cluster_0
Zone_DH657,0,UF_Cluster_0
Zone_DH658,0,UF_Cluster_0
Zone_DH659,0,UF_Cluster_0
Zone_DH660,1,UF_Cluster_1
Zone_DH661,1,UF_Cluster_1
Zone_DH662,1,UF_Cluster_1
Zone_DH663,1,UF_Cluster_1
Zone_DH664,1,UF_Cluster_1
Zone_DH665,0,UF_Cluster_0
Zone_DH666,0,UF_Cluster_0
Zone_DH667,0,UF_Cluster_0
Zone_DH668,0,UF_Cluster_0
Zone_DH669,0,UF_Cluster_0
Zone_DH670,0,UF_Cluster_0
Zone_DH671,0,UF_Cluster_0
Zone_DH672,0,UF_Cluster_0
Zone_DH673,0,UF_Cluster_0
Zone_DH674,0,UF_Cluster_0
Zone_DH675,0,UF_Cluster_0
Zone_DH676,0,UF_Cluster_0
Zone_DH677,0,UF_Cluster_0
Zone_DH678,0,UF_Cluster_0
Zone_DH679,0,UF_Cluster_0
Zone_DH680,0,UF_Cluster_0
Zone_DH681,0,UF_Cluster_0
Zone_DH682,0,UF_Cluster_0
Zone_DH683,0,UF_Cluster_0
Zone_DH684,0,UF_Cluster_0
Zone_DH685,0,UF_Cluster_0
Zone_DH686,0,UF_Cluster_0
Zone_DH687,0,UF_Cluster_0
Zone_DH688,0,UF_Cluster_0
Zone_DH689,0,UF_Cluster_0
Zone_DH690,0,UF_Cluster_0
Zone_DH691,0,UF_Cluster_0
Zone_DH692,0,UF_Cluster_0
Zone_DH693,0,UF_Cluster_0
Zone_DH694,1,UF_Cluster_1
Zone_DH695,1,UF_Cluster_1
Zone_DH696,1,UF_Cluster_1
Zone_DH697,1,UF_Cluster_1
Zone_DH698,1,UF_Cluster_1
Zone_DH700,0,UF_Cluster_0
Zone_DH701,0,UF_Cluster_0
Zone_DH702,0,UF_Cluster_0
Zone_DH703,0,UF_Cluster_0
Zone_DH704,0,UF_Cluster_0
Zone_DH705,0,UF_Cluster_0
Zone_DH706,0,UF_Cluster_0
Zone_DH707,0,UF_Cluster_0
Zone_DH708,0,UF_Cluster_0
Zone_DH709,0,UF_Cluster_0
Zone_DH710,0,UF_Cluster_0
Zone_DH711,0,UF_Cluster_0
Zone_DH712,0,UF_Cluster_0
Zone_DH713,0,UF_Cluster_0
Zone_DH714,0,UF_Cluster_0
Zone_DH715,0,UF_Cluster_0
Zone_DH716,0,UF_Cluster_0
Zone_DH717,0,UF_Cluster_0
Zone_DH718,0,UF_Cluster_0
Zone_DH719,0,UF_Cluster_0
Zone_DH720,0,UF_Cluster_0
Zone_DH721,0,UF_Cluster_0
Zone_DH722,1,UF_Cluster_1
Zone_DH723,1,UF_Cluster_1
Zone_DH724,0,UF_Cluster_0
Zone_DH725,0,UF_Cluster_0
Zone_DH726,0,UF_Cluster_0
Zone_DH727,0,UF_Cluster_0
Zone_DH728,0,UF_Cluster_0
Zone_DH729,1,UF_Cluster_1
Zone_DH730,1,UF_Cluster_1
Zone_DH731,1,UF_Cluster_1
Zone_DH732,1,UF_Cluster_1
Zone_DH733,1,UF_Cluster_1
Zone_DH735,0,UF_Cluster_0
Zone_DH736,0,UF_Cluster_0
Zone_DH737,0,UF_Cluster_0
Zone_DH738,0,UF_Cluster_0
Zone_DH739,0,UF_Cluster_0
Zone_DH740,0,UF_Cluster_0
Zone_DH741,0,UF_Cluster_0
Zone_DH742,0,UF_Cluster_0
Zone_DH743,0,UF_Cluster_0
Zone_DH744,0,UF_Cluster_0
Zone_DH745,0,UF_Cluster_0
Zone_DH746,0,UF_Cluster_0
Zone_DH747,0,UF_Cluster_0
Zone_DH748,0,UF_Cluster_0
Zone_DH749,0,UF_Cluster_0
Zone_DH750,0,UF_Cluster_0
Zone_DH751,0,UF_Cluster_0
Zone_DH752,0,UF_Cluster_0
Zone_DH753,0,UF_Cluster_0
Zone_DH754,0,UF_Cluster_0
Zone_DH755,0,UF_Cluster_0
Zone_DH756,0,UF_Cluster_0
Zone_DH757,0,UF_Cluster_0
Zone_DH758,1,UF_Cluster_1
Zone_DH759,1,UF_Cluster_1
Zone_DH760,0,UF_Cluster_0
Zone_DH761,0,UF_Cluster_0
Zone_DH762,0,UF_Cluster_0
Zone_DH763,1,UF_Cluster_1
Zone_DH764,1,UF_Cluster_1
Zone_DH765,1,UF_Cluster_1
Zone_DH766,1,UF_Cluster_1
Zone_DH767,1,UF_Cluster_1
Zone_DH768,1,UF_Cluster_1
Zone_DH770,0,UF_Cluster_0
Zone_DH771,0,UF_Cluster_0
Zone_DH772,0,UF_Cluster_0
Zone_DH773,0,UF_Cluster_0
Zone_DH774,0,UF_Cluster_0
Zone_DH775,0,UF_Cluster_0
Zone_DH776,0,UF_Cluster_0
Zone_DH777,0,UF_Cluster_0
Zone_DH778,0,UF_Cluster_0
Zone_DH779,0,UF_Cluster_0
Zone_DH780,0,UF_Cluster_0
Zone_DH781,0,UF_Cluster_0
Zone_DH782,0,UF_Cluster_0
Zone_DH783,0,UF_Cluster_0
Zone_DH784,0,UF_Cluster_0
Zone_DH785,0,UF_Cluster_0
Zone_DH786,0,UF_Cluster_0
Zone_DH787,0,UF_Cluster_0
Zone_DH788,0,UF_Cluster_0
Zone_DH789,0,UF_Cluster_0
Zone_DH790,0,UF_Cluster_0
Zone_DH791,0,UF_Cluster_0
Zone_DH792,0,UF_Cluster_0
Zone_DH793,0,UF_Cluster_0
Zone_DH794,1,UF_Cluster_1
Zone_DH795,1,UF_Cluster_1
Zone_DH796,1,UF_Cluster_1
Zone_DH797,1,UF_Cluster_1
Zone_DH798,1,UF_Cluster_1
Zone_DH799,1,UF_Cluster_1
Zone_DH800,1,UF_Cluster_1
Zone_DH801,1,UF_Cluster_1
Zone_DH802,1,UF_Cluster_1
Zone_DH805,0,UF_Cluster_0
Zone_DH806,0,UF_Cluster_0
Zone_DH807,0,UF_Cluster_0
Zone_DH808,0,UF_Cluster_0
Zone_DH809,0,UF_Cluster_0
Zone_DH810,0,UF_Cluster_0
Zone_DH811,0,UF_Cluster_0
Zone_DH812,0,UF_Cluster_0
Zone_DH813,0,UF_Cluster_0
Zone_DH814,0,UF_Cluster_0
Zone_DH815,0,UF_Cluster_0
Zone_DH816,1,UF_Cluster_1
Zone_DH817,1,UF_Cluster_1
Zone_DH818,0,UF_Cluster_0
Zone_DH819,0,UF_Cluster_0
Zone_DH820,0,UF_Cluster_0
Zone_DH821,0,UF_Cluster_0
Zone_DH822,0,UF_Cluster_0
Zone_DH823,0,UF_Cluster_0
Zone_DH824,0,UF_Cluster_0
Zone_DH825,0,UF_Cluster_0
Zone_DH826,0,UF_Cluster_0
Zone_DH827,0,UF_Cluster_0
Zone_DH828,0,UF_Cluster_0
Zone_DH829,0,UF_Cluster_0
Zone_DH830,1,UF_Cluster_1
Zone_DH831,1,UF_Cluster_1
Zone_DH832,1,UF_Cluster_1
Zone_DH833,1,UF_Cluster_1
Zone_DH834,1,UF_Cluster_1
Zone_DH835,1,UF_Cluster_1
Zone_DH836,1,UF_Cluster_1
Zone_DH837,1,UF_Cluster_1
Zone_DH840,0,UF_Cluster_0
Zone_DH841,0,UF_Cluster_0
Zone_DH842,0,UF_Cluster_0
Zone_DH843,0,UF_Cluster_0
Zone_DH844,0,UF_Cluster_0
Zone_DH845,0,UF_Cluster_0
Zone_DH846,0,UF_Cluster_0
Zone_DH847,0,UF_Cluster_0
Zone_DH848,0,UF_Cluster_0
Zone_DH849,0,UF_Cluster_0
Zone_DH850,0,UF_Cluster_0
Zone_DH851,0,UF_Cluster_0
Zone_DH856,0,UF_Cluster_0
Zone_DH857,0,UF_Cluster_0
Zone_DH858,0,UF_Cluster_0
Zone_DH859,0,UF_Cluster_0
Zone_DH860,0,UF_Cluster_0
Zone_DH861,0,UF_Cluster_0
Zone_DH862,0,UF_Cluster_0
Zone_DH863,0,UF_Cluster_0
Zone_DH864,0,UF_Cluster_0
Zone_DH865,1,UF_Cluster_1
Zone_DH866,1,UF_Cluster_1
Zone_DH868,1,UF_Cluster_1
Zone_DH869,1,UF_Cluster_1
Zone_DH870,1,UF_Cluster_1
Zone_DH871,1,UF_Cluster_1
Zone_DH872,1,UF_Cluster_1
