zone_id,n,mixture_ratio,median_excess,mean_score
Zone_DH007,130,0.16923076923076924,-0.11238469927523086,0.2596112574723107
Zone_DH008,156,0.7307692307692307,0.3612465842618794,0.6136849029662945
Zone_DH009,190,0.3157894736842105,0.06843801913164368,0.40474200531417137
Zone_DH010,172,0.6802325581395349,0.22992718506556906,0.5255333627951424
Zone_DH011,173,0.7341040462427746,0.26922438289388556,0.5501612562936977
Zone_DH012,148,0.6621621621621622,0.22761015862637304,0.4967395836427678
Zone_DH013,120,0.25833333333333336,0.014254537812536577,0.32942797427153375
Zone_DH014,97,0.32989690721649484,0.03891832869271966,0.36436754740933686
Zone_DH015,109,0.48623853211009177,0.09673089881949615,0.4274392359787616
Zone_DH016,123,0.37398373983739835,0.09518180978434043,0.38764392764807626
Zone_DH023,332,0.4578313253012048,0.1274777714020286,0.41517542517282363
Zone_DH024,254,0.21653543307086615,-0.08320356436965878,0.30179190187851823
Zone_DH025,247,0.2550607287449393,-0.0551948532350961,0.3088689523630827
Zone_DH026,355,0.38591549295774646,0.0697536963913567,0.39932052280580993
Zone_DH027,231,0.1645021645021645,-0.08192216999861146,0.25914116858161695
Zone_DH028,388,0.6572164948453608,0.20409535141200494,0.5158314498801463
Zone_DH029,400,0.7975,0.2636429587051952,0.5453698194692843
Zone_DH030,365,0.5205479452054794,0.10631688738463296,0.40845549702671424
Zone_DH031,391,0.6854219948849105,0.20124911930292516,0.5277194179998087
Zone_DH032,381,0.4645669291338583,0.09056478458995365,0.40740146423414925
Zone_DH033,400,0.7175,0.1955021751350524,0.5196506155464389
Zone_DH034,400,0.655,0.13427473576089438,0.4670600836648572
Zone_DH035,74,0.43243243243243246,0.13532098141005292,0.45764648614465914
Zone_DH038,318,0.29874213836477986,-0.011822739856223397,0.3285939358026696
Zone_DH039,336,0.19047619047619047,-0.0404291311779878,0.29448874044642726
Zone_DH040,275,0.12363636363636364,-0.32593445130304766,0.14837496559127628
Zone_DH041,292,0.21575342465753425,-0.057317341498006324,0.27997576061393326
Zone_DH042,341,0.14076246334310852,-0.16982599376304636,0.24107383621395262
Zone_DH043,214,0.308411214953271,-0.019559954260096324,0.3379549371188391
Zone_DH044,254,0.38188976377952755,0.03869189749214896,0.34213659341907154
Zone_DH045,304,0.3190789473684211,0.03220284333996279,0.3510737490326115
Zone_DH046,322,0.2981366459627329,0.015764806778007928,0.3519926713647222
Zone_DH047,357,0.6162464985994398,0.1737947049425439,0.4654534644981337
Zone_DH048,398,0.592964824120603,0.15020586385167137,0.4463083154158689
Zone_DH049,366,0.6557377049180327,0.25429935967675077,0.528381171609391
Zone_DH050,366,0.5109289617486339,0.14779332148351176,0.46076045363633544
Zone_DH051,391,0.710997442455243,0.21547498884317123,0.5283249349076892
Zone_DH052,400,0.965,0.3249875223459087,0.6343576889891948
Zone_DH053,128,0.734375,0.21492901417168442,0.5572360792110159
Zone_DH055,242,0.4297520661157025,0.12439390878172082,0.44816779768076775
Zone_DH056,366,0.23770491803278687,0.0009304715712182277,0.33625095133701427
Zone_DH057,268,0.1828358208955224,-0.09338225834600744,0.2715220992543681
Zone_DH058,191,0.2774869109947644,-0.11502987875176213,0.29138494997773284
Zone_DH059,263,0.1634980988593156,-0.16384137724301828,0.22155621650914328
Zone_DH060,352,0.2727272727272727,-0.025178574765362838,0.3242009170800367
Zone_DH061,338,0.5769230769230769,0.2094910538324174,0.5044908578931384
Zone_DH062,302,0.5463576158940397,0.21943899164886405,0.5248556685072802
Zone_DH063,211,0.1943127962085308,-0.05120091866314963,0.2820503654074179
Zone_DH064,222,0.17567567567567569,-0.0656461563581826,0.2516919602815938
Zone_DH065,359,0.3788300835654596,0.04996782856387405,0.39320494114398097
Zone_DH066,390,0.6512820512820513,0.1522952956259148,0.47479414867654934
Zone_DH067,398,0.7211055276381909,0.22050085461588873,0.5275054432642458
Zone_DH068,396,0.5934343434343434,0.1718706790873259,0.47305195972162917
Zone_DH069,396,0.6212121212121212,0.18149716077658545,0.50631105233066
Zone_DH070,400,0.69,0.18806156619908124,0.5131824189589047
Zone_DH071,103,0.21359223300970873,0.014196740032317634,0.32305360561751634
Zone_DH073,334,0.17664670658682635,-0.08533774204287708,0.2640405338609436
Zone_DH074,260,0.13846153846153847,-0.1278827282743409,0.24850170852075024
Zone_DH075,302,0.2682119205298013,-0.04222150507715122,0.30581763079377383
Zone_DH076,331,0.3987915407854985,0.06710306153012857,0.38567278679855455
Zone_DH077,393,0.6463104325699746,0.13263303183064212,0.46036999722847133
Zone_DH078,263,0.3231939163498099,0.01284459087214379,0.337323798814621
Zone_DH079,215,0.30697674418604654,-0.013759379778957803,0.31945636040551145
Zone_DH080,169,0.23668639053254437,-0.056206459657376584,0.31135289232908975
Zone_DH082,72,0.16666666666666666,-0.060849714177968806,0.27634309443814875
Zone_DH083,241,0.18672199170124482,-0.09006107056676171,0.24384560468814245
Zone_DH084,362,0.4530386740331492,0.08403679167318406,0.3870521207409504
Zone_DH085,389,0.5604113110539846,0.14266165908872358,0.4612445285858591
Zone_DH086,322,0.5496894409937888,0.13607114442002896,0.4523643374483901
Zone_DH087,265,0.2490566037735849,-0.060763939761155183,0.26667386817333116
Zone_DH088,236,0.22033898305084745,-0.05481883591554365,0.29659705051238744
Zone_DH090,133,0.39097744360902253,0.05863317913861843,0.3990196491732734
Zone_DH091,247,0.27125506072874495,-0.13616609981122318,0.26736428908850923
Zone_DH092,177,0.21468926553672316,-0.12594506999564475,0.27195495521899554
Zone_DH093,322,0.38509316770186336,0.06266640517055666,0.4033849130147001
Zone_DH094,365,0.4575342465753425,0.09878207073782819,0.4103449163578003
Zone_DH095,367,0.782016348773842,0.23138991860911934,0.5333155274781366
Zone_DH096,400,0.5725,0.08513129116320867,0.4364342071779952
Zone_DH097,356,0.6544943820224719,0.17165709273507782,0.46617351540440827
Zone_DH098,373,0.9088471849865952,0.25278858276477195,0.5526732497567343
Zone_DH099,333,0.5585585585585585,0.11671854725825109,0.418491317572197
Zone_DH100,294,0.6360544217687075,0.1559538790710072,0.47821586203472977
Zone_DH101,208,0.25961538461538464,-0.10941696192260014,0.2703525370593296
Zone_DH102,282,0.524822695035461,0.18247984838910322,0.4964890881222449
Zone_DH103,211,0.41232227488151657,0.10712360962259976,0.39491503889684115
Zone_DH104,112,0.14285714285714285,-0.3212449321147888,0.19208450145147854
Zone_DH105,147,0.1292517006802721,-0.3028922739356337,0.16430147446898577
Zone_DH108,174,0.5057471264367817,0.18030870512721875,0.47013284787444
Zone_DH109,334,0.3772455089820359,0.041931194874889,0.3806036040487185
Zone_DH110,279,0.23297491039426524,-0.047864210390717754,0.3052092328429056
Zone_DH111,384,0.6640625,0.1349456437128493,0.4603634904356755
Zone_DH112,394,0.8477157360406091,0.22955972056133384,0.5283648448442567
Zone_DH113,400,0.9275,0.25022998516118383,0.5566919069038636
Zone_DH114,400,0.8925,0.30335868591961845,0.6024640334387645
Zone_DH115,400,0.8575,0.22599018300125093,0.5508839999157447
Zone_DH116,400,0.9725,0.22193460217494376,0.5264458916204036
Zone_DH117,400,0.94,0.2792597110805715,0.5603402754040249
Zone_DH118,400,0.8575,0.27583329235395626,0.5795326787307202
Zone_DH119,358,0.7430167597765364,0.32090520523095134,0.602999834528466
Zone_DH120,400,0.9,0.42571783168439203,0.7023776878709971
Zone_DH121,358,0.5586592178770949,0.13830212364274883,0.4542473059870363
Zone_DH122,272,0.48161764705882354,0.1430657793034196,0.47173447557689974
Zone_DH123,354,0.4830508474576271,0.12861024546010652,0.45599487524395715
Zone_DH124,293,0.4812286689419795,0.11592330883352053,0.3915961195989346
Zone_DH125,64,0.328125,0.013777864298723325,0.3973894563269596
Zone_DH126,133,0.38345864661654133,0.052709245635291446,0.4045818020858386
Zone_DH127,353,0.40509915014164305,0.05837602906872136,0.38806119256504545
Zone_DH128,344,0.5930232558139535,0.13048511721625525,0.43816310421169075
Zone_DH129,400,0.7625,0.1554392140391566,0.4702706706059308
Zone_DH130,400,0.795,0.15651887128105707,0.4767161976806398
Zone_DH131,400,0.835,0.24528514735406337,0.5364825441201282
Zone_DH132,400,0.7575,0.19448729229697773,0.4952891820086858
Zone_DH133,360,0.575,0.11539726329292305,0.44694670970863143
Zone_DH134,387,0.8165374677002584,0.19018397646811813,0.4991562297234136
Zone_DH135,400,0.6475,0.148996902700576,0.46135400086866213
Zone_DH136,396,0.553030303030303,0.10684566157491959,0.4407740360672163
Zone_DH137,383,0.4177545691906005,0.08319674721526904,0.3873094274881779
Zone_DH138,389,0.7095115681233933,0.18727369461352672,0.51780419513519
Zone_DH139,396,0.8181818181818182,0.21885170867576217,0.5245098600068105
Zone_DH140,392,0.6045918367346939,0.1821655931858757,0.4938333290657255
Zone_DH141,397,0.7481108312342569,0.24362255889183404,0.5599716105688511
Zone_DH142,398,0.7864321608040201,0.24033972687215632,0.547232362788312
Zone_DH143,83,0.6746987951807228,0.18787111036738469,0.5196272837366009
Zone_DH144,150,0.58,0.19032718555802505,0.4945631248371116
Zone_DH145,375,0.408,0.0586813008749425,0.38323715766314337
Zone_DH146,391,0.7161125319693095,0.19730807528534888,0.519854602231172
Zone_DH147,389,0.7583547557840618,0.15594450351482347,0.47937966614420296
Zone_DH148,400,0.9125,0.22587631359834426,0.5240961325701041
Zone_DH149,400,0.785,0.18260501844379226,0.4902609267395968
Zone_DH150,400,0.71,0.15322250598884618,0.4802981947600219
Zone_DH151,399,0.8320802005012531,0.23275719979638648,0.5273734452282852
Zone_DH152,400,0.87,0.3460847929148409,0.6145090665345273
Zone_DH153,400,0.4975,0.08242718994814344,0.414225330069371
Zone_DH154,276,0.38405797101449274,0.053490628269973,0.38525107330539016
Zone_DH155,240,0.4125,0.04140136344168435,0.35448631704714956
Zone_DH156,397,0.9168765743073047,0.3556998720159851,0.6547436667742484
Zone_DH157,397,0.8236775818639799,0.2448569402134449,0.5513492129771702
Zone_DH158,386,0.6217616580310881,0.19178016680359497,0.5262272952399532
Zone_DH159,347,0.547550432276657,0.13345159031695186,0.4281209506666521
Zone_DH160,362,0.6215469613259669,0.17278032751653358,0.48369265668764044
Zone_DH161,72,0.375,0.03871858554789026,0.38125132807671414
Zone_DH162,126,0.35714285714285715,0.02761105648268486,0.41647387832741245
Zone_DH163,398,0.42462311557788945,0.06848019037143066,0.38391009488904165
Zone_DH164,359,0.6044568245125348,0.12963276375971494,0.4444530522530657
Zone_DH165,398,0.8442211055276382,0.2070664294943944,0.521001899918303
Zone_DH166,400,0.84,0.222464560933115,0.5257192420947824
Zone_DH167,400,0.8875,0.20953178892660643,0.5216571193684834
Zone_DH168,400,0.6725,0.12815305482784292,0.4531875286657727
Zone_DH169,400,0.7875,0.21770077756206782,0.5244988081960333
Zone_DH170,400,0.9175,0.2627836260832986,0.5803991189310812
Zone_DH171,400,0.82,0.22781385541499907,0.5301464008485235
Zone_DH172,399,0.5764411027568922,0.11908871529934756,0.45463409804896715
Zone_DH173,399,0.44862155388471175,0.08878821171892426,0.4130689272462319
Zone_DH174,400,0.7725,0.19916578905283155,0.5097906977435436
Zone_DH175,397,0.6020151133501259,0.16764471169999018,0.4749497146738818
Zone_DH176,313,0.3450479233226837,0.0022091979258698213,0.35555125214595096
Zone_DH177,275,0.3054545454545455,-0.029702088121377757,0.33099647800935034
Zone_DH178,365,0.5041095890410959,0.19247668650766425,0.47846981006275313
Zone_DH180,108,0.4166666666666667,0.05453178157175037,0.39768334949441414
Zone_DH181,356,0.3398876404494382,0.03461919537218855,0.3598920055658318
Zone_DH182,397,0.7984886649874056,0.26069960278602927,0.5390268540373603
Zone_DH183,399,0.8195488721804511,0.2106506100478548,0.5269553343963955
Zone_DH184,371,0.660377358490566,0.18436998979674168,0.5032857544168878
Zone_DH185,396,0.6590909090909091,0.16110263390395618,0.4752794056269596
Zone_DH186,399,0.5238095238095238,0.09277964408018508,0.42893842151958816
Zone_DH187,248,0.45161290322580644,0.07432065909004545,0.3847204002926847
Zone_DH188,353,0.5892351274787535,0.14446462917666725,0.46991257288970817
Zone_DH189,400,0.52,0.07952661533065375,0.4075716852482635
Zone_DH190,379,0.42480211081794195,0.01884043549973541,0.3483631645098275
Zone_DH191,237,0.2742616033755274,-0.021407445886717835,0.3123441531558824
Zone_DH192,349,0.38968481375358166,0.11036480878732596,0.43829505850294503
Zone_DH193,311,0.45980707395498394,0.0976909276445837,0.3966265318107227
Zone_DH194,172,0.32558139534883723,-0.02973777342994216,0.3295425774201178
Zone_DH195,282,0.24822695035460993,-0.06696693128626272,0.30396747067592433
Zone_DH196,361,0.26038781163434904,-0.027593233782640003,0.30818710750361233
Zone_DH198,150,0.35333333333333333,0.0633063556798229,0.3827948374712743
Zone_DH199,395,0.6658227848101266,0.1872997629689756,0.48870502525285453
Zone_DH200,400,0.87,0.24314897991551493,0.5607396942770846
Zone_DH201,400,0.9175,0.2800746775059613,0.5911388966782672
Zone_DH202,316,0.43670886075949367,0.09473941499291982,0.42910049622217733
Zone_DH203,315,0.4253968253968254,0.08195696012233022,0.3948835671486122
Zone_DH204,321,0.46105919003115264,0.1288859412268945,0.46692011906660474
Zone_DH205,236,0.5042372881355932,0.1374856629849814,0.41479137651704223
Zone_DH206,353,0.5495750708215298,0.1496547570814255,0.4495950105220916
Zone_DH207,396,0.17929292929292928,-0.037525750526916285,0.3058486732044162
Zone_DH208,376,0.3484042553191489,-0.00791295781091314,0.3533845474899883
Zone_DH209,140,0.2857142857142857,0.018049702523406014,0.32600122291451705
Zone_DH210,211,0.1990521327014218,-0.23537969472672415,0.23284444879136412
Zone_DH211,237,0.0970464135021097,-0.13471384101015632,0.22169749313928225
Zone_DH213,249,0.14457831325301204,-0.18550689328057907,0.23608950035114667
Zone_DH214,238,0.3277310924369748,-0.028678172032199106,0.3516051686263288
Zone_DH217,86,0.5581395348837209,0.21987783543194256,0.4658744469875251
Zone_DH218,95,0.8842105263157894,0.3047719724519535,0.6186143411674659
Zone_DH219,100,0.89,0.33508372882368265,0.6597920917704765
Zone_DH220,72,0.6666666666666666,0.2801226974189604,0.5844716133497451
Zone_DH224,62,0.6290322580645161,0.17137721165947112,0.48564736730449704
Zone_DH225,88,0.375,0.05546423898275543,0.44310084940855426
Zone_DH226,95,0.4421052631578947,0.05017230386285182,0.36853143634463653
Zone_DH227,166,0.8373493975903614,0.44209647822659726,0.6785401269388882
Zone_DH228,125,0.432,0.08848162237802515,0.4186374048260486
