zone_id,n,med_excess,wx,wy,dens,logdens,resid
Zone_DH007,130,-0.11238469927523084,220203.01846153848,2631712.6761538466,0.544,-0.6088060321261943,-0.06396942059716273
Zone_DH008,156,0.3612465842618794,220241.60820512823,2633814.342820513,1.156,0.14496577025018564,0.348077608287849
Zone_DH009,190,0.06843801913164366,220185.16421052633,2635792.5142105264,1.7,0.5306282510621704,0.023759856487048626
Zone_DH010,172,0.229927185065569,220223.10790697674,2637840.341627907,2.663,0.9794533068317951,0.1485793613357253
Zone_DH011,173,0.2692243828938855,220227.66497109827,2639819.119017341,3.425,1.2311014717141886,0.16731653739088426
Zone_DH012,148,0.22761015862637302,220283.10162162164,2641761.397567568,3.05,1.1151415906193203,0.13517640438581935
Zone_DH013,120,0.0142545378125365,220356.48,2643869.6633333336,1.894,0.6386909947638865,-0.03925250846175939
Zone_DH014,97,0.0389183286927196,220312.51092783507,2645989.448556701,1.637,0.49286529838899784,-0.0026745456902185424
Zone_DH015,109,0.0967308988194961,220327.9937614679,2647916.5364220184,2.75,1.0116009116784799,0.01275656892811694
Zone_DH016,123,0.0951818097843404,220346.4393495935,2649767.20398374,1.919,0.6518042170255629,0.04060339414264888
Zone_DH023,332,0.1274777714020286,221742.80530120482,2627772.4444578313,0.831,-0.18512548412668892,0.1412777319202995
Zone_DH024,254,-0.08320356436965876,221663.0548031496,2629817.648897638,0.769,-0.26266430947649305,-0.06306856883055997
Zone_DH025,247,-0.0551948532350961,221485.16421052633,2631763.5668421052,0.781,-0.24718012914245105,-0.03632493779287059
Zone_DH026,355,0.0697536963913567,221628.94478873242,2633839.534225352,1.863,0.6221880916194514,0.017594961352028343
Zone_DH027,231,-0.0819221699986114,221274.25056277058,2635771.4274025974,2.856,1.049422044477338,-0.16898654155269616
Zone_DH028,388,0.2040953514120049,221639.3150515464,2637840.479484536,3.681,1.303184454396884,0.09629822118434464
Zone_DH029,400,0.2636429587051952,221661.48,2639818.83,6.456,1.8650099309676478,0.1099438683483685
Zone_DH030,365,0.1063168873846329,221656.4115068493,2641768.5560273975,6.088,1.8063196205593848,-0.042587119088187755
Zone_DH031,391,0.2012491193029251,221652.40071611255,2643832.2571099745,4.106,1.4124493185967417,0.08452489044913314
Zone_DH032,381,0.0905647845899536,221691.79496062995,2645843.108215223,3.494,1.251047211711865,-0.01297265693583452
Zone_DH033,400,0.19550217513505236,221661.48,2647818.83,6.156,1.8174272159766327,0.04569066193062976
Zone_DH034,400,0.13427473576089433,221661.48,2649818.83,7.331,1.9921119322414496,-0.029808773313321157
Zone_DH035,74,0.13532098141005286,221772.29081081084,2651013.4245945946,2.112,0.7476353658440151,0.07291302126453042
Zone_DH038,318,-0.01182273985622335,223736.6372327044,2621912.2262264155,1.106,0.10074990310014315,-0.021379215052635236
Zone_DH039,336,-0.04042913117798775,223657.31333333332,2623766.1514285714,0.863,-0.14734058789870913,-0.029716251741777694
Zone_DH040,275,-0.3259344513030476,223786.75272727272,2625724.4663636363,0.644,-0.4400565528777834,-0.29130625098169144
Zone_DH041,292,-0.057317341498006255,223487.84986301372,2627776.021780822,0.856,-0.15548490284039498,-0.045939059663146604
Zone_DH042,341,-0.1698259937630463,223739.0459824047,2629865.0176832844,0.956,-0.044997365930735805,-0.16747470469639053
Zone_DH043,214,-0.019559954260096248,223774.0968224299,2631547.334672897,0.994,-0.006018072325563021,-0.020393330281696494
Zone_DH044,254,0.0386918974921489,223548.48787401576,2634012.530787402,1.988,0.6871291082343823,-0.01877261323681327
Zone_DH045,304,0.03220284333996275,223714.76947368422,2635744.1589473686,1.694,0.5270925962298626,-0.012186451152668643
Zone_DH046,322,0.0157648067780079,223647.8154037267,2637831.5629192544,1.156,0.14496577025018564,0.0025958308039775134
Zone_DH047,357,0.1737947049425439,223661.05983193277,2639868.549887955,4.731,1.554136596649011,0.04549441900486456
Zone_DH048,398,0.15020586385167134,223663.49005025128,2641818.076231156,5.544,1.712716261887602,0.008949388181357931
Zone_DH049,366,0.2542993596767507,223708.74775956286,2643808.4474863387,4.213,1.4381749829968795,0.13547330655397205
Zone_DH050,366,0.1477933214835117,223685.52371584703,2645857.354590164,3.419,1.2293481106571642,0.046028728133871
Zone_DH051,391,0.2154749888431712,223677.20890025576,2647832.2571099745,5.519,1.7081966844573642,0.07458776923484653
Zone_DH052,400,0.3249875223459087,223661.48,2649818.83,8.488,2.138653401311682,0.14893136170810034
Zone_DH053,128,0.2149290141716844,223630.23,2651142.2675,3.469,1.2438663679876125,0.11197825804210915
Zone_DH055,242,0.12439390878172074,225738.33950413225,2620156.8465289255,0.625,-0.4700036292457356,0.16146882888128494
Zone_DH056,366,0.0009304715712182,225648.09202185794,2621828.1196174864,1.156,0.14496577025018564,-0.012238504402812187
Zone_DH057,268,-0.0933822583460074,225646.92776119403,2623612.486716418,0.906,-0.0987159729391577,-0.08664208080788985
Zone_DH058,191,-0.1150298787517621,225770.6423036649,2626109.6676963354,1.238,0.21349717426240436,-0.13379797029770524
Zone_DH059,263,-0.1638413772430182,225748.74235741445,2627738.411749049,1.919,0.6518042170255629,-0.21841979288470972
Zone_DH060,352,-0.0251785747653628,225684.77545454548,2629849.511818182,1.606,0.47374661552457,-0.06520942489848995
Zone_DH061,338,0.20949105383241734,225687.81136094677,2631762.0252662725,1.613,0.4780957991430718,0.16910486906001854
Zone_DH062,302,0.219438991648864,225640.28794701988,2633717.5054966887,1.725,0.5452270504833231,0.17356808581815777
Zone_DH063,211,-0.0512009186631496,225726.17194312796,2635980.6783412322,0.787,-0.2395270305647338,-0.032956272526835875
Zone_DH064,222,-0.06564615635818255,225693.91243243244,2637892.2534234235,1.113,0.10705907229340778,-0.07571809987141954
Zone_DH065,359,0.049967828563874,225651.03431754877,2639832.6183008356,2.744,1.0094167098636389,-0.03382804885640891
Zone_DH066,390,0.15229529562591476,225669.68512820514,2641830.3684615386,4.975,1.604425370610556,0.019886343574663845
Zone_DH067,398,0.2205008546158887,225657.4598994975,2643821.0913065327,5.081,1.625508092611595,0.08636941345536348
Zone_DH068,396,0.17187067908732584,225661.47999999998,2645819.335050505,3.619,1.2861977445816055,0.06546138780464518
Zone_DH069,396,0.1814971607765854,225652.3890909091,2647815.79969697,3.606,1.2825991247811255,0.07538188197552073
Zone_DH070,400,0.1880615661990812,225661.48,2649818.83,4.487,1.5011843269938463,0.06408755785439404
Zone_DH071,103,0.0141967400323176,225560.9945631068,2651086.3057281557,1.981,0.6836017677164139,-0.0429795818362781
Zone_DH073,334,-0.085337742042877,227719.56383233535,2619935.8958682637,0.588,-0.5310283310835102,-0.04327701487783527
Zone_DH074,260,-0.12788272827434086,227536.48,2621796.137692308,0.969,-0.03149066709137085,-0.12663495618485282
Zone_DH075,302,-0.0422215050771512,227642.6058278146,2623764.5253642383,1.025,0.024692612590371414,-0.04556398880806171
Zone_DH076,331,0.0671030615301285,227603.9271299094,2625953.1200302118,3.8,1.33500106673234,-0.04329353228857684
Zone_DH077,393,0.1326330318306421,227674.07541984733,2627814.1226208652,6.506,1.8727248280511597,-0.021696376860072725
Zone_DH078,263,0.0128445908721437,227582.20243346007,2629591.6436882126,4.344,1.4687955826316343,-0.10848320986120036
Zone_DH079,215,-0.0137593797789578,227547.29395348838,2632035.341627907,3.256,1.1804994481402937,-0.11153296621859045
Zone_DH080,169,-0.0562064596573765,227505.5628402367,2633382.4394674557,3.444,1.2366335865654843,-0.15856628700513867
Zone_DH082,72,-0.06084971417796875,227167.03555555557,2638277.163333333,0.956,-0.044997365930735805,-0.05849842511131297
Zone_DH083,241,-0.0900610705667617,227505.25593360997,2639920.2822821573,1.119,0.11243542932978817,-0.10057227028431041
Zone_DH084,362,0.08403679167318401,227612.3087292818,2641870.4874585634,3.206,1.165024054187361,-0.012472432529715527
Zone_DH085,389,0.1426616590887235,227654.66766066838,2643823.328714653,4.031,1.3940144841350286,0.027443583073735303
Zone_DH086,322,0.13607114442002893,227517.380621118,2645683.1157142855,2.375,0.8649974374866045,0.0640745320010349
Zone_DH087,265,-0.0607639397611551,227513.36679245284,2647836.7545283022,1.331,0.2859305394129745,-0.08544994278996074
Zone_DH088,236,-0.05481883591554365,227288.17491525423,2649787.050338983,1.087,0.08342160813907236,-0.06295956416280607
Zone_DH090,133,0.0586331791386184,229837.7957894737,2618389.1307518794,0.675,-0.3930425881096072,0.08942027002956045
Zone_DH091,247,-0.1361660998112231,229625.65004048584,2619732.392753036,0.963,-0.03770186718401153,-0.1344108636231917
Zone_DH092,177,-0.1259450699956447,229596.79073446328,2621834.9316949155,0.85,-0.16251892949777494,-0.1139920979328778
Zone_DH093,322,0.0626664051705566,229592.53590062112,2623852.680931677,2.15,0.7654678421395714,-0.0011984942738369336
Zone_DH094,365,0.0987820707378281,229587.9183561644,2625791.021780822,5.963,1.7855737101409688,-0.04842696462282112
Zone_DH095,367,0.2313899186091193,229638.45547683924,2627835.04253406,11.637,2.4541896771259397,0.02955398443712262
Zone_DH096,400,0.08513129116320865,229661.48,2629818.83,14.312,2.661098346206418,-0.13360938278043627
Zone_DH097,356,0.1716570927350778,229744.34516853935,2631846.638988764,15.412,2.735146426763911,-0.05313341729314214
Zone_DH098,373,0.2527885827647719,229722.47195710457,2633776.8728954424,16.9,2.8273136219290276,0.02046787858532001
Zone_DH099,333,0.116718547258251,229808.47699699702,2635836.998168168,12.375,2.515678308454754,-0.0901410976946803
Zone_DH100,294,0.1559538790710072,229873.04462585037,2637728.0136734694,6.725,1.9058319254879028,-0.00108042772402564
Zone_DH101,208,-0.10941696192260009,229653.7876923077,2639919.3107692306,2.788,1.0253244928982774,-0.1945125283976698
Zone_DH102,282,0.1824798483891032,229807.57929078015,2641916.702340426,4.044,1.397234301158225,0.06699870863139533
Zone_DH103,211,0.1071236096225997,229434.70274881518,2643589.209146919,3.069,1.121351775637599,0.014182474216557245
Zone_DH104,112,-0.3212449321147888,229657.9085714286,2645293.8300000005,1.4,0.3364722366212129,-0.35006026545498115
Zone_DH105,147,-0.3028922739356337,229918.28272108844,2647678.353809524,0.894,-0.11204950380862289,-0.29506272749583
Zone_DH108,174,0.18030870512721875,231615.50298850576,2618369.404712644,0.85,-0.16251892949777494,0.19226167718998566
Zone_DH109,334,0.04193119487488895,231727.9470658683,2619775.716227545,1.587,0.461845441544272,0.0028726879983693512
Zone_DH110,279,-0.0478642103907177,231753.0570609319,2621902.5217562728,2.381,0.8675205675047256,-0.1200669662089029
Zone_DH111,384,0.13494564371284928,231695.855,2623835.23625,8.419,2.130491056355527,-0.040443641447854006
Zone_DH112,394,0.2295597205613338,231675.69319796955,2625824.413756345,13.169,2.577865582728083,0.01761928468083704
Zone_DH113,400,0.2502299851611838,231661.48,2627818.83,14.588,2.680199272946434,0.029928737668966587
Zone_DH114,400,0.30335868591961845,231661.48,2629818.83,16.431,2.799169794469694,0.07333737345484215
Zone_DH115,400,0.22599018300125084,231661.48,2631818.83,18.006,2.890705035686285,-0.01150969205627822
Zone_DH116,400,0.2219346021749437,231661.48,2633818.83,23.262,3.146821127916847,-0.036490330830761974
Zone_DH117,400,0.2792597110805715,231661.48,2635818.83,22.613,3.118524962140857,0.02314661605199997
Zone_DH118,400,0.27583329235395626,231661.48,2637818.83,15.213,2.7221503254809916,0.05210458273849855
Zone_DH119,358,0.32090520523095134,231701.70346368715,2639781.95849162,7.369,1.9972820117848622,0.15639929312418765
Zone_DH120,400,0.42571783168439203,231661.48,2641818.83,7.463,2.0099574781492504,0.26017631550494
Zone_DH121,358,0.13830212364274874,231757.56938547487,2643763.2434078213,6.169,1.8195367502275015,-0.011681741583987826
Zone_DH122,272,0.14306577930341957,231733.17117647058,2645787.58,3.688,1.3050843056943475,0.035113428456288995
Zone_DH123,354,0.12861024546010646,231704.13536723165,2647753.0107909604,2.906,1.0667775651480913,0.04012790257671779
Zone_DH124,293,0.1159233088335205,231769.15918088736,2649712.174709898,2.062,0.7236763855947681,0.0554728322874409
Zone_DH125,64,0.01377786429872325,231605.23,2650992.2675,0.669,-0.4019712188539085,0.04529443733229531
Zone_DH126,133,0.0527092456352914,233685.91609022557,2618455.296165413,0.844,-0.16960278438617998,0.0652409789650501
Zone_DH127,353,0.0583760290687213,233682.01824362605,2619744.750679887,2.862,1.0515206811342592,-0.028859804158371943
Zone_DH128,344,0.1304851172162552,233756.5381395349,2621923.1904651164,6.987,1.9440512795703135,-0.029671766500638436
Zone_DH129,400,0.15543921403915656,233661.48,2623818.83,14.85,2.6979998652487085,-0.0663163677832192
Zone_DH130,400,0.15651887128105704,233661.48,2625818.83,20.475,3.019204629739133,-0.09147960786048417
Zone_DH131,400,0.24528514735406334,233661.48,2627818.83,14.956,2.7051125571148673,0.022948448241592007
Zone_DH132,400,0.1944872922969777,233661.48,2629818.83,11.35,2.4292177439274116,-0.005308398543542647
Zone_DH133,360,0.11539726329292299,233684.81333333332,2631782.996666667,10.319,2.3339868561335773,-0.07661792524417937
Zone_DH134,387,0.1901839764681181,233681.24744186047,2633842.9902067184,13.756,2.62147509257002,-0.025319419914339697
Zone_DH135,400,0.148996902700576,233661.48,2635818.83,14.969,2.7059813959330987,-0.07341078180941871
Zone_DH136,396,0.10684566157491955,233659.20727272728,2637818.0724242427,11.119,2.408655356721112,-0.09127005226728972
Zone_DH137,383,0.083196747215269,233633.934308094,2639797.8117232374,6.031,1.7969128344688496,-0.06493871112636528
Zone_DH138,389,0.1872736946135267,233638.9864267352,2641843.6371979434,9.387,2.239325753354855,0.0029924561138155725
Zone_DH139,396,0.2188517086757621,233651.88404040402,2643818.83,9.206,2.2198554453950496,0.03616122270854316
Zone_DH140,392,0.18216559318587566,233663.01061224492,2645822.4014285714,5.65,1.7316555451583497,0.03936175047397644
Zone_DH141,397,0.243622558891834,233658.83516372796,2647816.4370528967,5.381,1.6828742305072826,0.10480422067116726
Zone_DH142,398,0.2403397268721563,233661.22874371862,2649818.076231156,4.981,1.6056306740911463,0.10783229977017025
Zone_DH143,83,0.1878711103673846,233731.96192771083,2651038.7095180727,2.181,0.779783487219492,0.12283660185917167
Zone_DH144,150,0.19032718555802502,235694.14666666667,2618402.1633333336,1.056,0.054488185284069776,0.1845503601198645
Zone_DH145,375,0.0586813008749425,235674.41333333333,2619827.23,4.594,1.5247511042669066,-0.06721814751451399
Zone_DH146,391,0.1973080752853488,235661.35212276215,2621829.955319693,9.244,2.2239746924121344,0.014281040834258157
Zone_DH147,389,0.1559445035148234,235637.95814910025,2623838.752879177,16.719,2.8165457972555092,-0.075496453697904
Zone_DH148,400,0.22587631359834426,235661.48,2625818.83,20.075,2.9994752598328254,-0.02051024727216988
Zone_DH149,400,0.18260501844379223,235661.48,2627818.83,19.413,2.965942944743239,-0.0610419034205385
Zone_DH150,400,0.15322250598884615,235661.48,2629818.83,17.969,2.8886480509443166,-0.08410931041782135
Zone_DH151,399,0.2327571997963864,235659.09904761906,2631820.459072682,15.012,2.7088498812727746,0.010115155854176966
Zone_DH152,400,0.34608479291484084,235661.48,2633818.83,12.575,2.531710715985803,0.13791527690416294
Zone_DH153,400,0.0824271899481434,235661.48,2635818.83,8.963,2.1931049923752246,-0.09807774502653611
Zone_DH154,276,0.053490628269972945,235733.58144927537,2637550.3517391304,6.231,1.829536833562085,-0.09731025833734278
Zone_DH155,240,0.0414013634416843,235847.73,2640124.246666667,4.888,1.586783221869294,-0.08956619934922708
Zone_DH156,397,0.3556998720159851,235668.40695214106,2641825.756952141,10.15,2.3174737054877963,0.16503383194964288
Zone_DH157,397,0.2448569402134449,235668.65884130984,2643819.207833753,9.188,2.217898284826852,0.062326357116626485
Zone_DH158,386,0.1917801668035949,235639.2002072539,2645807.171968912,5.338,1.6748510509823324,0.053617334041511644
Zone_DH159,347,0.1334515903169518,235601.10536023055,2647751.5389337176,4.562,1.5177611238621964,0.00812323351237515
Zone_DH160,362,0.17278032751653355,235620.04353591162,2649799.7692265194,3.444,1.2366335865654843,0.07042050016877138
Zone_DH161,72,0.0387185855478902,235533.70222222226,2651024.3855555556,1.456,0.3756929497744942,0.006698862790564218
Zone_DH162,126,0.027611056482684852,237873.38476190477,2618347.4014285714,1.206,0.18730909830499368,0.010982568903784753
Zone_DH163,398,0.06848019037143066,237656.9573869347,2619814.0561306532,4.375,1.4759065198095778,-0.05342858429142487
Zone_DH164,359,0.1296327637597149,237628.19309192203,2621854.9024233986,11.05,2.402430427963762,-0.0679743643320388
Zone_DH165,398,0.2070664294943944,237666.25386934675,2623823.3526130654,15.4,2.7343675094195836,-0.01766044185175386
Zone_DH166,400,0.22246456093311495,237661.48,2625818.83,13.569,2.6077877791638158,0.008079438001127592
Zone_DH167,400,0.2095317889266064,237661.48,2627818.83,16.525,2.80487438573775,-0.0209555969575132
Zone_DH168,400,0.1281530548278429,237661.48,2629818.83,17.606,2.8682397530387145,-0.10751137390091975
Zone_DH169,400,0.2177007775620678,237661.48,2631818.83,14.425,2.668962812394163,-0.0016824347292335728
Zone_DH170,400,0.2627836260832985,237661.48,2633818.83,13.569,2.6077877791638158,0.04839850315131117
Zone_DH171,400,0.22781385541499904,237661.48,2635818.83,11.319,2.4264827296502833,0.028241619226389014
Zone_DH172,399,0.1190887152993475,237663.860952381,2637819.957819549,7.725,2.044461822783809,-0.04927185611655577
Zone_DH173,399,0.0887882117189242,237659.09904761906,2639816.950300752,5.344,1.6759744362343447,-0.049466403255247926
Zone_DH174,400,0.1991657890528315,237661.48,2641818.83,7.006,1.946766924775295,0.03878703316544668
Zone_DH175,397,0.1676447116999901,237661.10216624686,2643816.4370528967,6.831,1.9214710757497122,0.009332663539162872
Zone_DH176,313,0.0022091979258698,237571.8633865815,2645684.8044408946,2.837,1.0427471558267143,-0.08430982549879643
Zone_DH177,275,-0.0297020881213777,237567.84363636363,2647944.4663636363,1.262,0.23269776411902143,-0.05003889583774872
Zone_DH178,365,0.1924766865076642,237635.31561643837,2649824.994383562,1.069,0.06672363204290813,0.18570020723978634
Zone_DH180,108,0.0545317815717503,239429.0725925926,2618230.867037037,0.875,-0.13353139262452263,0.06411642963126923
Zone_DH181,356,0.034619195372188494,239657.82831460677,2619857.8749438203,4.931,1.5955418072419891,-0.0970639566067022
Zone_DH182,397,0.2606996027860292,239668.40695214106,2621825.756952141,13.175,2.578321094427426,0.048721950935923464
Zone_DH183,399,0.2106506100478548,239662.35719298248,2623816.449047619,13.338,2.5906171042101143,-0.002331643719269416
Zone_DH184,371,0.1843699897967416,239654.06760107816,2625831.0941509437,7.8,2.0541237336955462,0.015220026179991325
Zone_DH185,396,0.16110263390395613,239661.98505050506,2627824.8906060606,8.488,2.138653401311682,-0.014953526733852252
Zone_DH186,399,0.092779644080185,239661.35468671683,2629819.957819549,8.812,2.1761144289400964,-0.08633713710315767
Zone_DH187,248,0.0743206590900454,239592.52838709677,2631535.3622580646,6.812,1.918685762800442,-0.08376382494406223
Zone_DH188,353,0.1444646291766672,239624.79444759205,2633869.963144476,8.506,2.1407717968314417,-0.03176460746203624
Zone_DH189,400,0.0795266153306537,239661.48,2635818.83,10.494,2.35080366526452,-0.11386253101793842
Zone_DH190,379,0.0188404354997354,239696.4404221636,2637775.954010554,7.375,1.9980959022258835,-0.14573197264206272
Zone_DH191,237,-0.0214074458867178,239600.93147679328,2639761.235063291,2.869,1.0539635369992277,-0.10884286399771398
Zone_DH192,349,0.1103648087873259,239592.8553581662,2641823.2712607454,2.925,1.0732944806838198,0.02135002440820437
Zone_DH193,311,0.0976909276445837,239583.50572347268,2643691.016495177,2.913,1.0691834779772975,0.009012018177147349
Zone_DH194,172,-0.0297377734299421,239532.41023255815,2646146.736976744,1.006,0.005982071677547469,-0.031551578703233024
Zone_DH195,282,-0.06696693128626266,239651.55092198582,2647923.0853191493,0.731,-0.3133418192323586,-0.04269150935272964
Zone_DH196,361,-0.02759323378264,239618.95922437674,2649795.145789474,0.844,-0.16960278438617998,-0.015061500452881299
Zone_DH198,150,0.06330635567982285,241852.81333333332,2618378.1633333336,1.044,0.04305948946044701,0.058463271344373305
Zone_DH199,395,0.1872997629689756,241668.69518987343,2619830.348987342,5.481,1.7012875660639792,0.04697702840137319
Zone_DH200,400,0.2431489799155149,241661.48,2621818.83,8.544,2.145229282217839,0.06655556022528522
Zone_DH201,400,0.2800746775059613,241661.48,2623818.83,7.775,2.0509134580652977,0.11118699808622312
Zone_DH202,316,0.0947394149929198,241609.5812658228,2625701.1084810128,4.256,1.4483297520393432,-0.0249162975581802
Zone_DH203,315,0.0819569601223302,241577.51174603176,2627894.226825397,2.875,1.0560526742493137,-0.00564914354629345
Zone_DH204,321,0.1288859412268945,241560.0781308411,2629817.4281308413,3.188,1.1593937609279688,0.032836720187763194
Zone_DH205,236,0.13748566298498135,241519.53084745764,2631786.6266101697,2.631,0.9673640020581556,0.057125553071705845
Zone_DH206,353,0.1496547570814255,241574.65280453258,2633873.0792917847,3.969,1.3785141738009283,0.03570307900782002
Zone_DH207,396,-0.03752575052691625,241653.3991919192,2635810.2441414143,6.237,1.8304992975439855,-0.18840527184405792
Zone_DH208,376,-0.0079129578109131,241657.22468085107,2637775.47893617,5.138,1.6366638986876918,-0.14295584458412092
Zone_DH209,140,0.018049702523406,241565.05142857146,2639650.2585714287,3.35,1.208960345836975,-0.08204918073132898
Zone_DH210,211,-0.2353796947267241,241504.37099526066,2641700.109620853,1.794,0.5844477636366044,-0.2844549899745639
Zone_DH211,237,-0.1347138410101563,241745.23527426162,2643679.800464135,0.881,-0.12669765304595754,-0.12568751943234666
Zone_DH213,249,-0.185506893280579,241649.23100401607,2647889.311927711,0.756,-0.27971390280260405,-0.1639789211220316
Zone_DH214,238,-0.02867817203219905,241659.7993277311,2649591.51907563,0.581,-0.5430045221302259,0.0143610273930916
Zone_DH217,86,0.21987783543194256,242880.08465116282,2619809.5276744184,1.569,0.4504384737508955,0.18175129444640067
Zone_DH218,95,0.3047719724519535,242902.00631578948,2621814.0931578944,2.656,0.9768212316141874,0.2236391931028542
Zone_DH219,100,0.33508372882368265,242911.48,2623818.83,2.731,1.0046678424915678,0.25167584078775806
Zone_DH220,72,0.28012269741896034,242905.92444444448,2625718.83,1.3,0.26236426446749106,0.257362093394029
Zone_DH224,62,0.1713772116594711,242982.44774193547,2634360.765483871,0.806,-0.2156715364755087,0.18767282916641603
Zone_DH225,88,0.055464238982755404,243011.48,2635912.011818182,1.769,0.5704144151776481,0.007535488753438936
Zone_DH226,95,0.0501723038628518,242982.00631578948,2638080.408947368,1.55,0.4382549309311553,0.013041176079568409
Zone_DH227,166,0.44209647822659726,243078.34746987952,2639839.311927711,2.188,0.7829878845597349,0.37680016578623154
Zone_DH228,125,0.0884816223780251,243066.68,2641750.43,1.256,0.22793206804600694,0.06853417897540229
