zone_id,lattice_mixture_ratio,n_valid_subgrids,mean_subgrid_score
Zone_DH004,0.25,4,0.12478863091403206
Zone_DH005,0.5,8,0.30622999064769213
Zone_DH006,0.3,10,0.21189074377729283
Zone_DH007,0.5,8,0.22497613994997043
Zone_DH008,0.6923076923076923,13,0.5292607543456509
Zone_DH009,0.6428571428571429,14,0.37483222899892726
Zone_DH010,0.8333333333333334,12,0.4782785789242756
Zone_DH011,0.8,10,0.5265305829979773
Zone_DH012,0.8,10,0.5057413120797363
Zone_DH013,0.4,10,0.26737273228934716
Zone_DH014,0.625,8,0.25576977084096747
Zone_DH015,0.6666666666666666,9,0.36594179116179487
Zone_DH016,0.4,10,0.3023984395893155
Zone_DH017,1.0,1,0.9042966867226703
Zone_DH019,0.2,5,0.08293117880014562
Zone_DH020,0.25,12,0.16805439654232326
Zone_DH021,0.23076923076923078,13,0.1767175070999665
Zone_DH022,0.13333333333333333,15,0.09817887802681279
Zone_DH023,0.6363636363636364,22,0.4395177578273728
Zone_DH024,0.35294117647058826,17,0.28454549269994106
Zone_DH025,0.35294117647058826,17,0.20462277427299058
Zone_DH026,0.6521739130434783,23,0.42957780261990386
Zone_DH027,0.26666666666666666,15,0.18881659493762515
Zone_DH028,0.76,25,0.47820333179260766
Zone_DH029,0.8,25,0.510975276126905
Zone_DH030,0.5833333333333334,24,0.37164259585590953
Zone_DH031,0.84,25,0.5237532395435227
Zone_DH032,0.5833333333333334,24,0.4170386625971927
Zone_DH033,0.88,25,0.4996813365172826
Zone_DH034,0.84,25,0.4815439099447728
Zone_DH035,0.8333333333333334,6,0.4838093287489307
Zone_DH037,0.25,12,0.23720700220897303
Zone_DH038,0.42857142857142855,21,0.2908943492989461
Zone_DH039,0.375,24,0.2640511812885428
Zone_DH040,0.2222222222222222,18,0.14827881550330188
Zone_DH041,0.2777777777777778,18,0.23748812722345175
Zone_DH042,0.3333333333333333,24,0.23757493854338943
Zone_DH043,0.47058823529411764,17,0.34332341873847694
Zone_DH044,0.5,18,0.29582523107020686
Zone_DH045,0.5,22,0.3063087481578583
Zone_DH046,0.45454545454545453,22,0.30457168586068817
Zone_DH047,0.8181818181818182,22,0.4717883339051348
Zone_DH048,0.72,25,0.43147428383885594
Zone_DH049,0.68,25,0.4573559138687358
Zone_DH050,0.68,25,0.4527652934602883
Zone_DH051,0.8,25,0.5075958361746291
Zone_DH052,0.96,25,0.6763790900805169
Zone_DH053,0.6,10,0.43046940247316207
Zone_DH055,0.47058823529411764,17,0.39038030330959395
Zone_DH056,0.375,24,0.3235894965580191
Zone_DH057,0.5555555555555556,18,0.3954166306801169
Zone_DH058,0.21428571428571427,14,0.15058910961743877
Zone_DH059,0.3888888888888889,18,0.22654142949887188
Zone_DH060,0.36363636363636365,22,0.3060702712035267
Zone_DH061,0.5833333333333334,24,0.4532617926386455
Zone_DH062,0.6190476190476191,21,0.45323809462455567
Zone_DH063,0.375,16,0.2795662759741595
Zone_DH064,0.23529411764705882,17,0.20504327756342502
Zone_DH065,0.6956521739130435,23,0.4613910891955035
Zone_DH066,0.76,25,0.43747759963617533
Zone_DH067,0.88,25,0.5319320915654129
Zone_DH068,0.76,25,0.47657837759467525
Zone_DH069,0.84,25,0.5171785160167249
Zone_DH070,0.76,25,0.4923405584938642
Zone_DH071,0.6666666666666666,9,0.3044303242931286
Zone_DH072,0.0,2,0.15272069892799287
Zone_DH073,0.45454545454545453,22,0.2516202958283278
Zone_DH074,0.3157894736842105,19,0.2171631094815382
Zone_DH075,0.42857142857142855,21,0.2930263707736418
Zone_DH076,0.5238095238095238,21,0.3246793173113242
Zone_DH077,0.84,25,0.46818121952304215
Zone_DH078,0.5263157894736842,19,0.29739779393588267
Zone_DH079,0.3333333333333333,18,0.22013044340258967
Zone_DH080,0.5454545454545454,11,0.3903252995079667
Zone_DH081,0.5,2,0.2336912238168838
Zone_DH082,0.0,6,0.13645211955527073
Zone_DH083,0.29411764705882354,17,0.17062476731169215
Zone_DH084,0.5416666666666666,24,0.36449936326328475
Zone_DH085,0.68,25,0.461107105694077
Zone_DH086,0.75,20,0.44414831569107127
Zone_DH087,0.35294117647058826,17,0.2217140219512446
Zone_DH088,0.3125,16,0.2386306651657058
Zone_DH089,0.5,6,0.3333538651451005
Zone_DH090,0.5555555555555556,9,0.358800620233964
Zone_DH091,0.3333333333333333,18,0.24404567600901053
Zone_DH092,0.42857142857142855,14,0.29580371771892955
Zone_DH093,0.5,22,0.35588571889091036
Zone_DH094,0.625,24,0.40589744117122434
Zone_DH095,0.88,25,0.5266005976075289
Zone_DH096,0.76,25,0.4053849774144197
Zone_DH097,0.8333333333333334,24,0.4661431246071497
Zone_DH098,1.0,24,0.5391357881884212
Zone_DH099,0.6086956521739131,23,0.3950547552147485
Zone_DH100,0.8571428571428571,21,0.4976021188509411
Zone_DH101,0.4666666666666667,15,0.2944582905170213
Zone_DH102,0.7894736842105263,19,0.5304479223018109
Zone_DH103,0.5714285714285714,14,0.3812685423073056
Zone_DH104,0.1,10,0.12384446517867762
Zone_DH105,0.18181818181818182,11,0.16347751375472927
Zone_DH106,0.3,10,0.2689206014424719
Zone_DH107,1.0,1,0.5768376629866125
Zone_DH108,0.7,10,0.4592327709397857
Zone_DH109,0.5,24,0.3053491357777027
Zone_DH110,0.3333333333333333,21,0.2683168148337426
Zone_DH111,0.84,25,0.47086900416993316
Zone_DH112,0.88,25,0.5170714846647401
Zone_DH113,0.92,25,0.568315647429686
Zone_DH114,0.96,25,0.5964340759814553
Zone_DH115,0.96,25,0.548208387329829
Zone_DH116,1.0,25,0.5308516745564941
Zone_DH117,1.0,25,0.5592843771008796
Zone_DH118,0.92,25,0.5922230894299584
Zone_DH119,0.8695652173913043,23,0.6101938798623457
Zone_DH120,0.96,25,0.7168256402211085
Zone_DH121,0.6956521739130435,23,0.4480053531099177
Zone_DH122,0.6666666666666666,21,0.4746167012155231
Zone_DH123,0.75,24,0.41816343466418177
Zone_DH124,0.55,20,0.39699085766762915
Zone_DH125,0.4,5,0.3581847087996305
Zone_DH126,0.5,10,0.3888642261202382
Zone_DH127,0.6521739130434783,23,0.35559096046850136
Zone_DH128,0.6956521739130435,23,0.39085632226797
Zone_DH129,0.92,25,0.4571353639916591
Zone_DH130,0.92,25,0.47048594343762845
Zone_DH131,0.88,25,0.5715699098211942
Zone_DH132,0.88,25,0.4852570847995254
Zone_DH133,0.75,24,0.4520139931348161
Zone_DH134,0.88,25,0.47052757847269766
Zone_DH135,0.72,25,0.4206196296037563
Zone_DH136,0.76,25,0.4170164824182976
Zone_DH137,0.6,25,0.35437244941074425
Zone_DH138,0.9166666666666666,24,0.4964815216719373
Zone_DH139,0.92,25,0.4977737703364829
Zone_DH140,0.84,25,0.5203550019448465
Zone_DH141,0.84,25,0.5330879719254786
Zone_DH142,1.0,25,0.5808649400146959
Zone_DH143,0.8,5,0.42547784512135695
Zone_DH144,0.8,10,0.49224047093371814
Zone_DH145,0.6956521739130435,23,0.441439020999274
Zone_DH146,0.8,25,0.5333177935832611
Zone_DH147,0.88,25,0.45160148587610327
Zone_DH148,0.96,25,0.5223212461665829
Zone_DH149,0.92,25,0.48883306774027163
Zone_DH150,0.92,25,0.47851118463847114
Zone_DH151,1.0,25,0.5343087368176441
Zone_DH152,0.96,25,0.5911201305217982
Zone_DH153,0.76,25,0.4364400889958073
Zone_DH154,0.5882352941176471,17,0.3850196556252012
Zone_DH155,0.6666666666666666,15,0.37317704459856266
Zone_DH156,0.96,25,0.6652678275953656
Zone_DH157,0.88,25,0.5521900475659158
Zone_DH158,0.76,25,0.4937232908280953
Zone_DH159,0.782608695652174,23,0.4506206989734274
Zone_DH160,0.875,24,0.48216112842961084
Zone_DH161,0.4,5,0.3542686373793759
Zone_DH162,0.4444444444444444,9,0.41363513148686387
Zone_DH163,0.8,25,0.39742369920861637
Zone_DH164,0.7391304347826086,23,0.4221026099652179
Zone_DH165,0.96,25,0.5593490190192
Zone_DH166,1.0,25,0.5024504673615714
Zone_DH167,1.0,25,0.5004106204403809
Zone_DH168,0.84,25,0.44121810786669097
Zone_DH169,0.84,25,0.5387074555944682
Zone_DH170,1.0,25,0.5901412464660615
Zone_DH171,0.96,25,0.5480962697223536
Zone_DH172,0.64,25,0.4150707404983327
Zone_DH173,0.64,25,0.3886069581647863
Zone_DH174,1.0,25,0.5141404807853711
Zone_DH175,0.88,25,0.4836995714940498
Zone_DH176,0.36363636363636365,22,0.3156764831523297
Zone_DH177,0.45,20,0.2719205230146695
Zone_DH178,0.6521739130434783,23,0.4862368871980099
Zone_DH179,0.2,5,0.2704432233758619
Zone_DH180,0.5714285714285714,7,0.3815464984661676
Zone_DH181,0.56,25,0.325297556570731
Zone_DH182,0.84,25,0.5058716410355589
Zone_DH183,0.88,25,0.5251017069547705
Zone_DH184,0.875,24,0.5058366855784123
Zone_DH185,0.84,25,0.48044870722521354
Zone_DH186,0.68,25,0.43044768412606615
Zone_DH187,0.5,18,0.3333914989983227
Zone_DH188,0.7083333333333334,24,0.4419283315732618
Zone_DH189,0.56,25,0.39881759251308785
Zone_DH190,0.36,25,0.32647139724681395
Zone_DH191,0.375,16,0.2720722574146488
Zone_DH192,0.4166666666666667,24,0.35450255790266416
Zone_DH193,0.6521739130434783,23,0.3674713326041176
Zone_DH194,0.5454545454545454,11,0.2885601087973208
Zone_DH195,0.45,20,0.3432910846506715
Zone_DH196,0.4166666666666667,24,0.2700340768427492
Zone_DH197,0.0,2,0.0
Zone_DH198,0.9,10,0.39279569919677326
Zone_DH199,0.8,25,0.4606938084774551
Zone_DH200,1.0,25,0.5703140141794124
Zone_DH201,0.96,25,0.5830020529378581
Zone_DH202,0.5714285714285714,21,0.4179910429448119
Zone_DH203,0.47619047619047616,21,0.3481117791418528
Zone_DH204,0.6363636363636364,22,0.42720674054120805
Zone_DH205,0.6428571428571429,14,0.4600206788063745
Zone_DH206,0.7142857142857143,21,0.4640169835557207
Zone_DH207,0.36,25,0.30520303627411705
Zone_DH208,0.56,25,0.36577497295282696
Zone_DH209,0.5384615384615384,13,0.3103504666508343
Zone_DH210,0.4375,16,0.29129887904412854
Zone_DH211,0.3888888888888889,18,0.24336148251273718
Zone_DH212,0.2857142857142857,14,0.16779788684613836
Zone_DH213,0.3157894736842105,19,0.16355767761180506
Zone_DH214,0.3888888888888889,18,0.25902810540494187
Zone_DH216,0.6666666666666666,3,0.3590771113449711
Zone_DH217,0.8,5,0.5313150597242922
Zone_DH218,1.0,5,0.6889419587402617
Zone_DH219,1.0,5,0.6989419285530193
Zone_DH220,1.0,4,0.63974890734429
Zone_DH221,1.0,5,0.5216297471321374
Zone_DH222,1.0,1,0.5211983590838052
Zone_DH224,0.8,5,0.529993944850703
Zone_DH225,0.875,8,0.539878051562929
Zone_DH226,0.5714285714285714,7,0.3015948022143908
Zone_DH227,1.0,10,0.7742408252962643
Zone_DH228,0.625,8,0.5198153486267929
Zone_DH229,0.0,5,0.009713891191384194
Zone_DH230,0.0,4,0.04169794664264512
Zone_DH231,0.0,4,0.06556709740685035
Zone_DH232,0.5714285714285714,7,0.3697932256813858
